team_fifa_api_id,team_api_id,date,buildUpPlaySpeed,buildUpPlaySpeedClass,buildUpPlayDribbling,buildUpPlayDribblingClass,buildUpPlayPassing,buildUpPlayPassingClass,buildUpPlayPositioningClass,chanceCreationPassing,chanceCreationPassingClass,chanceCreationCrossing,chanceCreationCrossingClass,chanceCreationShooting,chanceCreationShootingClass,chanceCreationPositioningClass,defencePressure,defencePressureClass,defenceAggression,defenceAggressionClass,defenceTeamWidth,defenceTeamWidthClass,defenceDefenderLineClass
434,9930,2014-09-19 00:00:00,52,Balanced,48.0,Normal,56,Mixed,Organised,54,Normal,63,Normal,64,Normal,Organised,47,Medium,44,Press,54,Normal,Cover
434,9930,2015-09-10 00:00:00,47,Balanced,41.0,Normal,54,Mixed,Organised,54,Normal,63,Normal,64,Normal,Organised,47,Medium,44,Press,54,Normal,Cover
77,8485,2014-09-19 00:00:00,58,Balanced,64.0,Normal,62,Mixed,Organised,56,Normal,68,Lots,57,Normal,Organised,41,Medium,42,Press,60,Normal,Cover
77,8485,2015-09-10 00:00:00,59,Balanced,64.0,Normal,53,Mixed,Organised,51,Normal,72,Lots,63,Normal,Free Form,49,Medium,45,Press,63,Normal,Cover
614,8576,2014-09-19 00:00:00,59,Balanced,57.0,Normal,52,Mixed,Organised,48,Normal,38,Normal,52,Normal,Organised,38,Medium,47,Press,53,Normal,Cover
614,8576,2015-09-10 00:00:00,59,Balanced,57.0,Normal,52,Mixed,Organised,48,Normal,38,Normal,52,Normal,Organised,38,Medium,47,Press,53,Normal,Cover
47,8564,2014-09-19 00:00:00,48,Balanced,70.0,Lots,52,Mixed,Organised,66,Normal,36,Normal,75,Lots,Organised,58,Medium,57,Press,49,Normal,Cover
47,8564,2015-09-10 00:00:00,48,Balanced,70.0,Lots,52,Mixed,Organised,66,Normal,36,Normal,69,Lots,Organised,58,Medium,57,Press,49,Normal,Cover
1901,10215,2014-09-19 00:00:00,52,Balanced,53.0,Normal,44,Mixed,Organised,55,Normal,51,Normal,60,Normal,Organised,39,Medium,38,Press,61,Normal,Cover
1901,10215,2015-09-10 00:00:00,53,Balanced,53.0,Normal,44,Mixed,Organised,55,Normal,51,Normal,60,Normal,Organised,39,Medium,38,Press,61,Normal,Cover
650,10217,2014-09-19 00:00:00,58,Balanced,47.0,Normal,55,Mixed,Organised,55,Normal,52,Normal,44,Normal,Organised,57,Medium,50,Press,52,Normal,Cover
650,10217,2015-09-10 00:00:00,56,Balanced,40.0,Normal,66,Mixed,Organised,55,Normal,52,Normal,38,Normal,Organised,40,Medium,50,Press,52,Normal,Cover
245,8593,2014-09-19 00:00:00,40,Balanced,40.0,Normal,30,Short,Organised,51,Normal,55,Normal,39,Normal,Free Form,64,Medium,53,Press,64,Normal,Cover
245,8593,2015-09-10 00:00:00,35,Balanced,43.0,Normal,39,Mixed,Organised,58,Normal,55,Normal,30,Little,Free Form,64,Medium,53,Press,59,Normal,Cover
1861,9865,2014-09-19 00:00:00,46,Balanced,41.0,Normal,65,Mixed,Organised,57,Normal,54,Normal,40,Normal,Organised,37,Medium,53,Press,45,Normal,Cover
1861,9865,2015-09-10 00:00:00,46,Balanced,41.0,Normal,65,Mixed,Organised,57,Normal,54,Normal,40,Normal,Organised,37,Medium,53,Press,45,Normal,Cover
229,8635,2014-09-19 00:00:00,52,Balanced,46.0,Normal,51,Mixed,Organised,60,Normal,53,Normal,47,Normal,Organised,60,Medium,50,Press,65,Normal,Cover
229,8635,2015-09-10 00:00:00,52,Balanced,46.0,Normal,51,Mixed,Organised,60,Normal,53,Normal,47,Normal,Organised,53,Medium,50,Press,61,Normal,Cover
1530,8121,2014-09-19 00:00:00,48,Balanced,61.0,Normal,50,Mixed,Organised,40,Normal,52,Normal,48,Normal,Organised,44,Medium,44,Press,51,Normal,Cover
1530,8121,2015-09-10 00:00:00,48,Balanced,61.0,Normal,50,Mixed,Organised,40,Normal,52,Normal,48,Normal,Organised,44,Medium,44,Press,51,Normal,Cover
111989,108893,2014-09-19 00:00:00,39,Balanced,48.0,Normal,54,Mixed,Organised,49,Normal,40,Normal,43,Normal,Organised,44,Medium,53,Press,57,Normal,Cover
111989,108893,2015-09-10 00:00:00,56,Balanced,46.0,Normal,54,Mixed,Organised,55,Normal,40,Normal,43,Normal,Organised,48,Medium,53,Press,57,Normal,Cover
159,9912,2014-09-19 00:00:00,62,Balanced,49.0,Normal,55,Mixed,Organised,56,Normal,51,Normal,52,Normal,Organised,36,Medium,54,Press,48,Normal,Cover
112513,158085,2014-09-19 00:00:00,69,Fast,66.0,Normal,39,Mixed,Organised,55,Normal,59,Normal,46,Normal,Organised,35,Medium,37,Press,37,Normal,Cover
112513,158085,2015-09-10 00:00:00,65,Balanced,66.0,Normal,39,Mixed,Organised,55,Normal,59,Normal,46,Normal,Organised,37,Medium,39,Press,37,Normal,Cover
1,9825,2014-09-19 00:00:00,59,Balanced,51.0,Normal,26,Short,Organised,28,Safe,55,Normal,64,Normal,Free Form,51,Medium,44,Press,52,Normal,Cover
1,9825,2015-09-10 00:00:00,59,Balanced,51.0,Normal,30,Short,Organised,28,Safe,44,Normal,46,Normal,Free Form,51,Medium,44,Press,52,Normal,Cover
2,10252,2014-09-19 00:00:00,66,Balanced,32.0,Little,72,Long,Organised,63,Normal,48,Normal,56,Normal,Organised,39,Medium,42,Press,52,Normal,Cover
2,10252,2015-09-10 00:00:00,63,Balanced,37.0,Normal,54,Mixed,Organised,60,Normal,48,Normal,38,Normal,Organised,35,Medium,44,Press,54,Normal,Cover
39,8524,2014-09-19 00:00:00,64,Balanced,45.0,Normal,37,Mixed,Organised,38,Normal,49,Normal,51,Normal,Organised,36,Medium,66,Press,49,Normal,Cover
39,8524,2015-09-10 00:00:00,64,Balanced,45.0,Normal,37,Mixed,Organised,38,Normal,49,Normal,51,Normal,Organised,36,Medium,63,Press,49,Normal,Cover
448,8315,2014-09-19 00:00:00,46,Balanced,41.0,Normal,38,Mixed,Organised,52,Normal,68,Lots,37,Normal,Organised,37,Medium,60,Press,65,Normal,Cover
448,8315,2015-09-10 00:00:00,46,Balanced,46.0,Normal,39,Mixed,Organised,50,Normal,60,Normal,36,Normal,Free Form,49,Medium,57,Press,50,Normal,Cover
240,9906,2014-09-19 00:00:00,47,Balanced,52.0,Normal,51,Mixed,Organised,67,Risky,67,Lots,54,Normal,Organised,52,Medium,37,Press,55,Normal,Cover
240,9906,2015-09-10 00:00:00,57,Balanced,50.0,Normal,50,Mixed,Organised,61,Normal,62,Normal,49,Normal,Organised,49,Medium,42,Press,52,Normal,Cover
100409,8406,2014-09-19 00:00:00,62,Balanced,38.0,Normal,69,Long,Organised,41,Normal,63,Normal,56,Normal,Organised,47,Medium,55,Press,52,Normal,Cover
100409,8406,2015-09-10 00:00:00,59,Balanced,51.0,Normal,55,Mixed,Organised,49,Normal,62,Normal,55,Normal,Organised,34,Medium,50,Press,59,Normal,Cover
57,8583,2014-09-19 00:00:00,64,Balanced,55.0,Normal,49,Mixed,Organised,51,Normal,63,Normal,50,Normal,Organised,34,Medium,45,Press,36,Normal,Cover
57,8583,2015-09-10 00:00:00,64,Balanced,55.0,Normal,49,Mixed,Organised,51,Normal,63,Normal,50,Normal,Organised,34,Medium,45,Press,40,Normal,Cover
1906,10229,2014-09-19 00:00:00,52,Balanced,38.0,Normal,46,Mixed,Organised,60,Normal,56,Normal,52,Normal,Free Form,50,Medium,61,Press,55,Normal,Cover
1906,10229,2015-09-10 00:00:00,50,Balanced,46.0,Normal,58,Mixed,Organised,67,Risky,56,Normal,50,Normal,Organised,50,Medium,61,Press,55,Normal,Cover
241,8634,2014-09-19 00:00:00,35,Balanced,35.0,Normal,32,Short,Free Form,37,Normal,31,Little,35,Normal,Free Form,61,Medium,63,Press,65,Normal,Cover
241,8634,2015-09-10 00:00:00,36,Balanced,35.0,Normal,51,Mixed,Free Form,36,Normal,49,Normal,56,Normal,Free Form,61,Medium,65,Press,65,Normal,Cover
1848,9976,2014-09-19 00:00:00,55,Balanced,40.0,Normal,57,Mixed,Organised,54,Normal,44,Normal,56,Normal,Organised,49,Medium,51,Press,53,Normal,Cover
1848,9976,2015-09-10 00:00:00,52,Balanced,40.0,Normal,65,Mixed,Organised,40,Normal,55,Normal,48,Normal,Organised,50,Medium,51,Press,55,Normal,Cover
896,9931,2014-09-19 00:00:00,61,Balanced,63.0,Normal,46,Mixed,Organised,66,Normal,66,Normal,54,Normal,Organised,47,Medium,58,Press,53,Normal,Cover
896,9931,2015-09-10 00:00:00,61,Balanced,63.0,Normal,46,Mixed,Organised,66,Normal,66,Normal,54,Normal,Organised,47,Medium,58,Press,53,Normal,Cover
32,8178,2014-09-19 00:00:00,69,Fast,30.0,Little,55,Mixed,Organised,52,Normal,55,Normal,39,Normal,Organised,50,Medium,46,Press,54,Normal,Cover
32,8178,2015-09-10 00:00:00,73,Fast,29.0,Little,55,Mixed,Organised,77,Risky,54,Normal,61,Normal,Organised,61,Medium,72,Double,50,Normal,Cover
21,9823,2014-09-19 00:00:00,37,Balanced,34.0,Normal,22,Short,Free Form,21,Safe,38,Normal,40,Normal,Free Form,61,Medium,59,Press,40,Normal,Cover
21,9823,2015-09-10 00:00:00,45,Balanced,24.0,Little,28,Short,Free Form,37,Normal,31,Little,22,Little,Free Form,72,High,53,Press,59,Normal,Cover
1889,9807,2014-09-19 00:00:00,52,Balanced,53.0,Normal,52,Mixed,Organised,40,Normal,37,Normal,48,Normal,Organised,38,Medium,48,Press,49,Normal,Cover
1889,9807,2015-09-10 00:00:00,51,Balanced,53.0,Normal,52,Mixed,Organised,43,Normal,37,Normal,48,Normal,Organised,38,Medium,48,Press,49,Normal,Cover
234,9772,2014-09-19 00:00:00,70,Fast,55.0,Normal,53,Mixed,Organised,65,Normal,66,Normal,54,Normal,Organised,60,Medium,57,Press,54,Normal,Cover
234,9772,2015-09-10 00:00:00,69,Fast,55.0,Normal,53,Mixed,Organised,65,Normal,66,Normal,54,Normal,Organised,60,Medium,57,Press,54,Normal,Cover
88,8658,2014-09-19 00:00:00,56,Balanced,39.0,Normal,79,Long,Organised,77,Risky,71,Lots,56,Normal,Organised,42,Medium,48,Press,54,Normal,Cover
88,8658,2015-09-10 00:00:00,56,Balanced,32.0,Little,75,Long,Organised,77,Risky,62,Normal,64,Normal,Organised,42,Medium,47,Press,54,Normal,Cover
3,8655,2014-09-19 00:00:00,44,Balanced,31.0,Little,62,Mixed,Organised,63,Normal,61,Normal,40,Normal,Organised,50,Medium,50,Press,47,Normal,Cover
3,8655,2015-09-10 00:00:00,60,Balanced,60.0,Normal,65,Mixed,Organised,59,Normal,58,Normal,42,Normal,Organised,50,Medium,50,Press,57,Normal,Cover
1926,8483,2014-09-19 00:00:00,67,Fast,44.0,Normal,72,Long,Organised,70,Risky,48,Normal,58,Normal,Organised,39,Medium,38,Press,54,Normal,Cover
1926,8483,2015-09-10 00:00:00,62,Balanced,36.0,Normal,64,Mixed,Organised,59,Normal,43,Normal,64,Normal,Organised,39,Medium,38,Press,54,Normal,Cover
1898,8613,2015-09-10 00:00:00,47,Balanced,56.0,Normal,50,Mixed,Organised,37,Normal,38,Normal,53,Normal,Organised,32,Deep,62,Press,54,Normal,Cover
160,9911,2014-09-19 00:00:00,38,Balanced,54.0,Normal,48,Mixed,Organised,51,Normal,54,Normal,36,Normal,Organised,34,Medium,53,Press,49,Normal,Cover
160,9911,2015-09-10 00:00:00,69,Fast,38.0,Normal,57,Mixed,Organised,66,Normal,40,Normal,66,Normal,Organised,58,Medium,47,Press,67,Wide,Cover
189,9857,2014-09-19 00:00:00,63,Balanced,53.0,Normal,48,Mixed,Organised,32,Safe,48,Normal,52,Normal,Organised,28,Deep,54,Press,48,Normal,Cover
189,9857,2015-09-10 00:00:00,63,Balanced,53.0,Normal,48,Mixed,Organised,32,Safe,48,Normal,52,Normal,Organised,30,Deep,54,Press,48,Normal,Cover
4,8559,2014-09-19 00:00:00,57,Balanced,37.0,Normal,73,Long,Organised,72,Risky,43,Normal,56,Normal,Organised,39,Medium,48,Press,58,Normal,Cover
4,8559,2015-09-10 00:00:00,57,Balanced,34.0,Normal,61,Mixed,Organised,72,Risky,60,Normal,38,Normal,Organised,39,Medium,48,Press,58,Normal,Cover
59,9827,2014-09-19 00:00:00,38,Balanced,49.0,Normal,36,Mixed,Organised,49,Normal,55,Normal,51,Normal,Organised,37,Medium,33,Contain,49,Normal,Cover
59,9827,2015-09-10 00:00:00,51,Balanced,40.0,Normal,48,Mixed,Organised,49,Normal,63,Normal,44,Normal,Organised,57,Medium,52,Press,49,Normal,Cover
22,9789,2014-09-19 00:00:00,76,Fast,33.0,Little,61,Mixed,Organised,53,Normal,44,Normal,73,Lots,Free Form,60,Medium,68,Double,43,Normal,Cover
22,9789,2015-09-10 00:00:00,71,Fast,37.0,Normal,40,Mixed,Organised,70,Risky,44,Normal,49,Normal,Free Form,65,Medium,71,Double,40,Normal,Cover
23,9788,2014-09-19 00:00:00,31,Slow,53.0,Normal,32,Short,Organised,38,Normal,26,Little,49,Normal,Free Form,43,Medium,50,Press,41,Normal,Cover
23,9788,2015-09-10 00:00:00,31,Slow,53.0,Normal,32,Short,Organised,38,Normal,26,Little,49,Normal,Free Form,41,Medium,48,Press,39,Normal,Cover
1943,8678,2014-09-19 00:00:00,47,Balanced,44.0,Normal,48,Mixed,Organised,46,Normal,48,Normal,41,Normal,Organised,48,Medium,50,Press,62,Normal,Cover
1943,8678,2015-09-10 00:00:00,47,Balanced,36.0,Normal,47,Mixed,Organised,49,Normal,45,Normal,47,Normal,Organised,48,Medium,50,Press,62,Normal,Cover
1896,10264,2014-09-19 00:00:00,53,Balanced,35.0,Normal,55,Mixed,Organised,53,Normal,65,Normal,39,Normal,Organised,25,Deep,56,Press,39,Normal,Cover
1896,10264,2015-09-10 00:00:00,55,Balanced,35.0,Normal,55,Mixed,Organised,62,Normal,65,Normal,39,Normal,Organised,25,Deep,56,Press,39,Normal,Cover
190,9858,2014-09-19 00:00:00,42,Balanced,56.0,Normal,27,Short,Organised,54,Normal,25,Little,75,Lots,Organised,41,Medium,52,Press,57,Normal,Cover
190,9858,2015-09-10 00:00:00,42,Balanced,56.0,Normal,43,Mixed,Organised,41,Normal,48,Normal,69,Lots,Organised,41,Medium,52,Press,57,Normal,Cover
378,8521,2014-09-19 00:00:00,59,Balanced,48.0,Normal,54,Mixed,Organised,49,Normal,53,Normal,66,Normal,Organised,44,Medium,34,Press,51,Normal,Cover
378,8521,2015-09-10 00:00:00,59,Balanced,48.0,Normal,54,Mixed,Organised,49,Normal,53,Normal,66,Normal,Organised,44,Medium,34,Press,51,Normal,Cover
1796,8191,2014-09-19 00:00:00,48,Balanced,32.0,Little,74,Long,Organised,72,Risky,59,Normal,58,Normal,Organised,54,Medium,57,Press,58,Normal,Cover
1796,8191,2015-09-10 00:00:00,54,Balanced,32.0,Little,67,Long,Organised,72,Risky,57,Normal,47,Normal,Organised,63,Medium,62,Press,58,Normal,Cover
210,7819,2014-09-19 00:00:00,62,Balanced,50.0,Normal,45,Mixed,Organised,48,Normal,54,Normal,53,Normal,Organised,43,Medium,42,Press,51,Normal,Cover
210,7819,2015-09-10 00:00:00,62,Balanced,50.0,Normal,45,Mixed,Organised,48,Normal,54,Normal,53,Normal,Organised,43,Medium,42,Press,51,Normal,Cover
1842,8529,2014-09-19 00:00:00,63,Balanced,51.0,Normal,53,Mixed,Organised,33,Safe,51,Normal,68,Lots,Organised,37,Medium,56,Press,51,Normal,Cover
1842,8529,2015-09-10 00:00:00,67,Fast,32.0,Little,35,Mixed,Organised,69,Risky,58,Normal,69,Lots,Free Form,65,Medium,65,Press,57,Normal,Offside Trap
647,7788,2014-09-19 00:00:00,45,Balanced,39.0,Normal,42,Mixed,Organised,46,Normal,56,Normal,57,Normal,Organised,42,Medium,49,Press,47,Normal,Cover
647,7788,2015-09-10 00:00:00,43,Balanced,36.0,Normal,57,Mixed,Organised,46,Normal,50,Normal,38,Normal,Organised,42,Medium,49,Press,47,Normal,Cover
1961,8344,2014-09-19 00:00:00,60,Balanced,29.0,Little,54,Mixed,Organised,52,Normal,46,Normal,41,Normal,Organised,33,Deep,41,Press,39,Normal,Cover
1961,8344,2015-09-10 00:00:00,60,Balanced,41.0,Normal,67,Long,Organised,52,Normal,56,Normal,46,Normal,Organised,33,Deep,41,Press,39,Normal,Cover
112409,208931,2014-09-19 00:00:00,32,Slow,46.0,Normal,31,Short,Organised,47,Normal,36,Normal,54,Normal,Organised,46,Medium,44,Press,51,Normal,Cover
112409,208931,2015-09-10 00:00:00,80,Fast,45.0,Normal,65,Mixed,Organised,70,Risky,40,Normal,50,Normal,Organised,25,Deep,55,Press,35,Normal,Cover
110364,8530,2014-09-19 00:00:00,75,Fast,52.0,Normal,48,Mixed,Organised,53,Normal,52,Normal,36,Normal,Organised,28,Deep,67,Double,52,Normal,Cover
110364,8530,2015-09-10 00:00:00,70,Fast,52.0,Normal,48,Mixed,Organised,53,Normal,52,Normal,36,Normal,Organised,31,Deep,64,Press,52,Normal,Cover
450,9910,2014-09-19 00:00:00,53,Balanced,54.0,Normal,62,Mixed,Organised,59,Normal,68,Lots,52,Normal,Organised,42,Medium,52,Press,65,Normal,Cover
450,9910,2015-09-10 00:00:00,55,Balanced,59.0,Normal,38,Mixed,Organised,41,Normal,48,Normal,50,Normal,Free Form,55,Medium,55,Press,59,Normal,Cover
78,9925,2014-09-19 00:00:00,70,Fast,52.0,Normal,58,Mixed,Organised,55,Normal,61,Normal,62,Normal,Organised,51,Medium,54,Press,60,Normal,Cover
78,9925,2015-09-10 00:00:00,54,Balanced,49.0,Normal,53,Mixed,Organised,51,Normal,51,Normal,62,Normal,Organised,58,Medium,55,Press,56,Normal,Cover
1750,9984,2014-09-19 00:00:00,53,Balanced,49.0,Normal,43,Mixed,Organised,52,Normal,58,Normal,42,Normal,Organised,59,Medium,47,Press,62,Normal,Cover
1750,9984,2015-09-10 00:00:00,53,Balanced,49.0,Normal,43,Mixed,Organised,52,Normal,58,Normal,42,Normal,Organised,59,Medium,47,Press,62,Normal,Cover
110915,9880,2014-09-19 00:00:00,73,Fast,29.0,Little,41,Mixed,Organised,53,Normal,44,Normal,73,Lots,Organised,39,Medium,49,Press,57,Normal,Cover
110915,9880,2015-09-10 00:00:00,66,Balanced,31.0,Little,41,Mixed,Organised,53,Normal,44,Normal,66,Normal,Organised,39,Medium,49,Press,57,Normal,Cover
5,8455,2014-09-19 00:00:00,67,Fast,52.0,Normal,38,Mixed,Organised,41,Normal,61,Normal,68,Lots,Organised,39,Medium,41,Press,46,Normal,Cover
5,8455,2015-09-10 00:00:00,67,Fast,41.0,Normal,36,Mixed,Organised,41,Normal,34,Normal,44,Normal,Organised,39,Medium,41,Press,46,Normal,Cover
192,8533,2014-09-19 00:00:00,66,Balanced,54.0,Normal,67,Long,Organised,52,Normal,66,Normal,52,Normal,Organised,46,Medium,59,Press,51,Normal,Cover
192,8533,2015-09-10 00:00:00,66,Balanced,54.0,Normal,67,Long,Organised,52,Normal,66,Normal,52,Normal,Organised,46,Medium,59,Press,51,Normal,Cover
231,8342,2014-09-19 00:00:00,42,Balanced,52.0,Normal,45,Mixed,Organised,42,Normal,57,Normal,47,Normal,Organised,51,Medium,50,Press,57,Normal,Cover
231,8342,2015-09-10 00:00:00,42,Balanced,52.0,Normal,45,Mixed,Organised,42,Normal,57,Normal,47,Normal,Organised,51,Medium,50,Press,57,Normal,Cover
1867,7869,2014-09-19 00:00:00,40,Balanced,53.0,Normal,53,Mixed,Organised,40,Normal,66,Normal,48,Normal,Organised,36,Medium,41,Press,52,Normal,Cover
1867,7869,2015-09-10 00:00:00,53,Balanced,40.0,Normal,48,Mixed,Organised,55,Normal,59,Normal,57,Normal,Organised,38,Medium,39,Press,52,Normal,Cover
110747,2186,2014-09-19 00:00:00,37,Balanced,50.0,Normal,38,Mixed,Organised,66,Normal,66,Normal,33,Little,Organised,59,Medium,34,Press,64,Normal,Cover
110747,2186,2015-09-10 00:00:00,37,Balanced,50.0,Normal,38,Mixed,Organised,66,Normal,66,Normal,33,Little,Organised,59,Medium,34,Press,64,Normal,Cover
1799,9826,2014-09-19 00:00:00,61,Balanced,36.0,Normal,68,Long,Organised,67,Risky,62,Normal,52,Normal,Organised,36,Medium,34,Press,48,Normal,Cover
1799,9826,2015-09-10 00:00:00,61,Balanced,45.0,Normal,67,Long,Organised,67,Risky,69,Lots,50,Normal,Organised,36,Medium,34,Press,41,Normal,Cover
110502,8262,2015-09-10 00:00:00,59,Balanced,43.0,Normal,77,Long,Organised,52,Normal,77,Lots,45,Normal,Organised,32,Deep,56,Press,41,Normal,Cover
242,9783,2014-09-19 00:00:00,56,Balanced,55.0,Normal,46,Mixed,Organised,38,Normal,52,Normal,68,Lots,Organised,45,Medium,50,Press,59,Normal,Cover
242,9783,2015-09-10 00:00:00,53,Balanced,55.0,Normal,47,Mixed,Organised,38,Normal,52,Normal,55,Normal,Organised,45,Medium,50,Press,59,Normal,Offside Trap
110569,9836,2014-09-19 00:00:00,51,Balanced,54.0,Normal,49,Mixed,Organised,49,Normal,52,Normal,52,Normal,Organised,45,Medium,46,Press,58,Normal,Cover
110569,9836,2015-09-10 00:00:00,51,Balanced,54.0,Normal,49,Mixed,Organised,49,Normal,52,Normal,52,Normal,Organised,45,Medium,46,Press,58,Normal,Cover
180,8284,2015-09-10 00:00:00,47,Balanced,47.0,Normal,48,Mixed,Organised,32,Safe,61,Normal,65,Normal,Organised,50,Medium,44,Press,52,Normal,Cover
181,9938,2014-09-19 00:00:00,60,Balanced,51.0,Normal,60,Mixed,Organised,52,Normal,55,Normal,38,Normal,Organised,41,Medium,40,Press,52,Normal,Cover
181,9938,2015-09-10 00:00:00,60,Balanced,58.0,Normal,53,Mixed,Organised,55,Normal,49,Normal,45,Normal,Organised,48,Medium,42,Press,53,Normal,Cover
467,8372,2014-09-19 00:00:00,62,Balanced,51.0,Normal,52,Mixed,Organised,60,Normal,55,Normal,64,Normal,Organised,37,Medium,56,Press,49,Normal,Cover
467,8372,2015-09-10 00:00:00,62,Balanced,51.0,Normal,52,Mixed,Organised,59,Normal,55,Normal,52,Normal,Organised,37,Medium,56,Press,49,Normal,Cover
110500,9776,2014-09-19 00:00:00,61,Balanced,60.0,Normal,62,Mixed,Organised,59,Normal,43,Normal,55,Normal,Organised,30,Deep,40,Press,39,Normal,Cover
110500,9776,2015-09-10 00:00:00,66,Balanced,44.0,Normal,54,Mixed,Organised,62,Normal,59,Normal,51,Normal,Free Form,57,Medium,47,Press,53,Normal,Cover
1824,9810,2014-09-19 00:00:00,63,Balanced,48.0,Normal,42,Mixed,Organised,57,Normal,50,Normal,52,Normal,Organised,43,Medium,46,Press,55,Normal,Cover
1824,9810,2015-09-10 00:00:00,51,Balanced,41.0,Normal,38,Mixed,Organised,47,Normal,58,Normal,40,Normal,Organised,48,Medium,42,Press,55,Normal,Cover
468,10268,2014-09-19 00:00:00,55,Balanced,47.0,Normal,69,Long,Organised,53,Normal,54,Normal,57,Normal,Organised,49,Medium,51,Press,58,Normal,Cover
468,10268,2015-09-10 00:00:00,51,Balanced,52.0,Normal,48,Mixed,Organised,53,Normal,54,Normal,57,Normal,Organised,49,Medium,51,Press,58,Normal,Cover
1746,8534,2014-09-19 00:00:00,63,Balanced,43.0,Normal,39,Mixed,Organised,66,Normal,67,Lots,51,Normal,Organised,53,Medium,57,Press,54,Normal,Cover
1746,8534,2015-09-10 00:00:00,66,Balanced,43.0,Normal,36,Mixed,Organised,59,Normal,64,Normal,63,Normal,Organised,46,Medium,66,Press,48,Normal,Cover
162,8398,2014-09-19 00:00:00,39,Balanced,47.0,Normal,40,Mixed,Organised,52,Normal,67,Lots,56,Normal,Organised,47,Medium,55,Press,52,Normal,Cover
452,8558,2014-09-19 00:00:00,50,Balanced,52.0,Normal,44,Mixed,Organised,52,Normal,60,Normal,40,Normal,Organised,37,Medium,40,Press,45,Normal,Cover
452,8558,2015-09-10 00:00:00,50,Balanced,52.0,Normal,44,Mixed,Organised,52,Normal,60,Normal,40,Normal,Free Form,37,Medium,40,Press,45,Normal,Cover
10020,7842,2014-09-19 00:00:00,66,Balanced,56.0,Normal,52,Mixed,Organised,47,Normal,53,Normal,39,Normal,Organised,46,Medium,49,Press,55,Normal,Cover
10020,7842,2015-09-10 00:00:00,59,Balanced,56.0,Normal,52,Mixed,Organised,47,Normal,53,Normal,39,Normal,Organised,46,Medium,49,Press,55,Normal,Cover
7,8668,2014-09-19 00:00:00,61,Balanced,34.0,Normal,42,Mixed,Organised,39,Normal,59,Normal,48,Normal,Organised,52,Medium,58,Press,60,Normal,Cover
7,8668,2015-09-10 00:00:00,43,Balanced,45.0,Normal,40,Mixed,Organised,39,Normal,33,Little,63,Normal,Organised,52,Medium,58,Press,59,Normal,Cover
111271,4087,2014-09-19 00:00:00,61,Balanced,51.0,Normal,44,Mixed,Organised,52,Normal,61,Normal,48,Normal,Organised,47,Medium,56,Press,50,Normal,Cover
111271,4087,2015-09-10 00:00:00,58,Balanced,35.0,Normal,56,Mixed,Organised,52,Normal,61,Normal,51,Normal,Organised,47,Medium,43,Press,50,Normal,Cover
1971,10218,2015-09-10 00:00:00,53,Balanced,41.0,Normal,69,Long,Organised,48,Normal,45,Normal,43,Normal,Organised,29,Deep,41,Press,36,Normal,Cover
31,8722,2014-09-19 00:00:00,59,Balanced,53.0,Normal,57,Mixed,Organised,53,Normal,47,Normal,59,Normal,Organised,57,Medium,46,Press,54,Normal,Cover
31,8722,2015-09-10 00:00:00,59,Balanced,47.0,Normal,65,Mixed,Organised,57,Normal,36,Normal,71,Lots,Organised,42,Medium,56,Press,51,Normal,Cover
100626,6631,2015-09-10 00:00:00,39,Balanced,33.0,Little,62,Mixed,Organised,62,Normal,66,Normal,48,Normal,Organised,51,Medium,58,Press,55,Normal,Cover
1915,8674,2014-09-19 00:00:00,48,Balanced,42.0,Normal,38,Mixed,Organised,57,Normal,59,Normal,45,Normal,Organised,49,Medium,47,Press,53,Normal,Cover
1915,8674,2015-09-10 00:00:00,55,Balanced,32.0,Little,55,Mixed,Organised,57,Normal,59,Normal,54,Normal,Organised,49,Medium,47,Press,53,Normal,Cover
236,9773,2014-09-19 00:00:00,52,Balanced,50.0,Normal,53,Mixed,Organised,56,Normal,66,Normal,68,Lots,Organised,58,Medium,60,Press,60,Normal,Cover
236,9773,2015-09-10 00:00:00,70,Fast,50.0,Normal,53,Mixed,Organised,56,Normal,66,Normal,68,Lots,Organised,58,Medium,60,Press,60,Normal,Cover
1903,9908,2014-09-19 00:00:00,50,Balanced,50.0,Normal,52,Mixed,Organised,55,Normal,49,Normal,52,Normal,Organised,45,Medium,49,Press,47,Normal,Cover
1903,9908,2015-09-10 00:00:00,50,Balanced,39.0,Normal,54,Mixed,Organised,55,Normal,64,Normal,28,Little,Organised,54,Medium,58,Press,47,Normal,Cover
286,9824,2015-09-10 00:00:00,53,Balanced,32.0,Little,56,Mixed,Organised,38,Normal,53,Normal,46,Normal,Organised,42,Medium,33,Contain,58,Normal,Cover
894,10243,2014-09-19 00:00:00,62,Balanced,49.0,Normal,46,Mixed,Organised,47,Normal,50,Normal,54,Normal,Organised,47,Medium,43,Press,56,Normal,Cover
894,10243,2015-09-10 00:00:00,62,Balanced,49.0,Normal,46,Mixed,Organised,47,Normal,50,Normal,54,Normal,Organised,47,Medium,43,Press,56,Normal,Cover
246,10235,2014-09-19 00:00:00,54,Balanced,40.0,Normal,60,Mixed,Organised,48,Normal,67,Lots,50,Normal,Organised,43,Medium,43,Press,40,Normal,Cover
246,10235,2015-09-10 00:00:00,50,Balanced,33.0,Little,48,Mixed,Organised,48,Normal,67,Lots,31,Little,Organised,43,Medium,46,Press,40,Normal,Cover
110374,8535,2014-09-19 00:00:00,34,Balanced,54.0,Normal,33,Short,Organised,68,Risky,51,Normal,53,Normal,Organised,58,Medium,59,Press,67,Wide,Cover
110374,8535,2015-09-10 00:00:00,34,Balanced,54.0,Normal,33,Short,Organised,68,Risky,51,Normal,53,Normal,Organised,58,Medium,59,Press,61,Normal,Cover
110636,8194,2014-09-19 00:00:00,72,Fast,69.0,Lots,57,Mixed,Organised,55,Normal,49,Normal,37,Normal,Organised,47,Medium,48,Press,50,Normal,Cover
110636,8194,2015-09-10 00:00:00,47,Balanced,62.0,Normal,47,Mixed,Organised,55,Normal,68,Lots,55,Normal,Organised,56,Medium,57,Press,52,Normal,Cover
25,8358,2014-09-19 00:00:00,39,Balanced,58.0,Normal,48,Mixed,Organised,55,Normal,33,Little,44,Normal,Free Form,59,Medium,60,Press,39,Normal,Cover
25,8358,2015-09-10 00:00:00,59,Balanced,54.0,Normal,38,Mixed,Organised,55,Normal,44,Normal,45,Normal,Free Form,53,Medium,62,Press,29,Narrow,Cover
111657,9891,2015-09-10 00:00:00,63,Balanced,48.0,Normal,46,Mixed,Organised,51,Normal,50,Normal,50,Normal,Organised,55,Medium,57,Press,47,Normal,Cover
144,9879,2014-09-19 00:00:00,52,Balanced,34.0,Normal,56,Mixed,Organised,58,Normal,41,Normal,54,Normal,Organised,29,Deep,28,Contain,39,Normal,Cover
144,9879,2015-09-10 00:00:00,52,Balanced,34.0,Normal,48,Mixed,Organised,39,Normal,54,Normal,59,Normal,Organised,29,Deep,30,Contain,39,Normal,Cover
673,9987,2014-09-19 00:00:00,58,Balanced,52.0,Normal,38,Mixed,Organised,67,Risky,48,Normal,56,Normal,Organised,47,Medium,45,Press,55,Normal,Cover
673,9987,2015-09-10 00:00:00,58,Balanced,52.0,Normal,38,Mixed,Organised,30,Safe,69,Lots,56,Normal,Organised,36,Medium,57,Press,70,Wide,Cover
110556,10233,2014-09-19 00:00:00,64,Balanced,52.0,Normal,68,Long,Organised,66,Normal,53,Normal,49,Normal,Organised,23,Deep,47,Press,53,Normal,Cover
110556,10233,2015-09-10 00:00:00,64,Balanced,52.0,Normal,68,Long,Organised,66,Normal,45,Normal,23,Little,Organised,27,Deep,47,Press,53,Normal,Cover
674,9991,2014-09-19 00:00:00,50,Balanced,55.0,Normal,37,Mixed,Organised,28,Safe,66,Normal,34,Normal,Organised,55,Medium,59,Press,52,Normal,Cover
674,9991,2015-09-10 00:00:00,50,Balanced,55.0,Normal,37,Mixed,Organised,42,Normal,66,Normal,34,Normal,Organised,49,Medium,54,Press,52,Normal,Cover
1860,8305,2014-09-19 00:00:00,35,Balanced,42.0,Normal,40,Mixed,Organised,58,Normal,42,Normal,52,Normal,Organised,49,Medium,45,Press,47,Normal,Cover
1860,8305,2015-09-10 00:00:00,34,Balanced,41.0,Normal,38,Mixed,Organised,55,Normal,39,Normal,49,Normal,Organised,43,Medium,42,Press,49,Normal,Cover
110316,6391,2015-09-10 00:00:00,48,Balanced,53.0,Normal,52,Mixed,Organised,55,Normal,53,Normal,55,Normal,Organised,42,Medium,46,Press,53,Normal,Cover
1888,9764,2014-09-19 00:00:00,65,Balanced,67.0,Lots,41,Mixed,Organised,54,Normal,47,Normal,46,Normal,Free Form,39,Medium,40,Press,53,Normal,Cover
1888,9764,2015-09-10 00:00:00,68,Fast,67.0,Lots,41,Mixed,Organised,54,Normal,47,Normal,46,Normal,Free Form,39,Medium,40,Press,53,Normal,Cover
110744,8569,2015-09-10 00:00:00,52,Balanced,48.0,Normal,43,Mixed,Organised,52,Normal,37,Normal,50,Normal,Organised,47,Medium,45,Press,40,Normal,Cover
100632,6433,2014-09-19 00:00:00,55,Balanced,47.0,Normal,42,Mixed,Organised,37,Normal,42,Normal,53,Normal,Organised,43,Medium,47,Press,51,Normal,Cover
100632,6433,2015-09-10 00:00:00,58,Balanced,38.0,Normal,64,Mixed,Organised,37,Normal,42,Normal,52,Normal,Organised,43,Medium,47,Press,51,Normal,Cover
110565,8019,2015-09-10 00:00:00,41,Balanced,40.0,Normal,59,Mixed,Organised,41,Normal,44,Normal,54,Normal,Organised,52,Medium,47,Press,50,Normal,Cover
110832,7878,2014-09-19 00:00:00,52,Balanced,62.0,Normal,37,Mixed,Organised,67,Risky,68,Lots,52,Normal,Organised,49,Medium,45,Press,64,Normal,Cover
110832,7878,2015-09-10 00:00:00,57,Balanced,50.0,Normal,59,Mixed,Organised,61,Normal,63,Normal,51,Normal,Organised,48,Medium,45,Press,62,Normal,Cover
322,9956,2014-09-19 00:00:00,50,Balanced,60.0,Normal,54,Mixed,Organised,52,Normal,54,Normal,46,Normal,Organised,36,Medium,43,Press,47,Normal,Cover
322,9956,2015-09-10 00:00:00,50,Balanced,60.0,Normal,54,Mixed,Organised,52,Normal,54,Normal,46,Normal,Organised,36,Medium,43,Press,47,Normal,Cover
165,8357,2014-09-19 00:00:00,66,Balanced,60.0,Normal,38,Mixed,Organised,56,Normal,40,Normal,52,Normal,Organised,49,Medium,48,Press,62,Normal,Cover
165,8357,2015-09-10 00:00:00,54,Balanced,60.0,Normal,53,Mixed,Organised,54,Normal,49,Normal,46,Normal,Organised,48,Medium,56,Press,66,Normal,Cover
62,9747,2014-09-19 00:00:00,63,Balanced,58.0,Normal,48,Mixed,Organised,53,Normal,49,Normal,48,Normal,Organised,43,Medium,47,Press,49,Normal,Cover
62,9747,2015-09-10 00:00:00,63,Balanced,37.0,Normal,58,Mixed,Organised,42,Normal,56,Normal,36,Normal,Organised,49,Medium,47,Press,49,Normal,Cover
28,9790,2014-09-19 00:00:00,45,Balanced,61.0,Normal,58,Mixed,Organised,60,Normal,73,Lots,62,Normal,Organised,45,Medium,32,Contain,63,Normal,Cover
28,9790,2015-09-10 00:00:00,42,Balanced,56.0,Normal,52,Mixed,Organised,62,Normal,58,Normal,47,Normal,Organised,44,Medium,41,Press,49,Normal,Cover
184,8429,2015-09-10 00:00:00,48,Balanced,48.0,Normal,47,Mixed,Free Form,73,Risky,53,Normal,71,Lots,Organised,55,Medium,48,Press,52,Normal,Cover
485,9904,2014-09-19 00:00:00,48,Balanced,55.0,Normal,38,Mixed,Organised,38,Normal,51,Normal,40,Normal,Organised,37,Medium,48,Press,56,Normal,Cover
485,9904,2015-09-10 00:00:00,48,Balanced,55.0,Normal,41,Mixed,Organised,38,Normal,51,Normal,40,Normal,Organised,35,Medium,50,Press,61,Normal,Cover
80,9860,2014-09-19 00:00:00,55,Balanced,51.0,Normal,62,Mixed,Organised,55,Normal,61,Normal,60,Normal,Organised,49,Medium,52,Press,57,Normal,Cover
100634,9791,2014-09-19 00:00:00,46,Balanced,55.0,Normal,32,Short,Organised,48,Normal,58,Normal,59,Normal,Organised,60,Medium,62,Press,47,Normal,Cover
100634,9791,2015-09-10 00:00:00,50,Balanced,36.0,Normal,61,Mixed,Organised,48,Normal,58,Normal,59,Normal,Organised,60,Medium,62,Press,47,Normal,Cover
100879,10278,2014-09-19 00:00:00,53,Balanced,47.0,Normal,54,Mixed,Organised,60,Normal,58,Normal,60,Normal,Organised,50,Medium,52,Press,58,Normal,Cover
166,8177,2014-09-19 00:00:00,68,Fast,52.0,Normal,55,Mixed,Organised,51,Normal,59,Normal,59,Normal,Organised,41,Medium,60,Press,51,Normal,Cover
166,8177,2015-09-10 00:00:00,47,Balanced,44.0,Normal,55,Mixed,Organised,59,Normal,68,Lots,45,Normal,Organised,50,Medium,45,Press,57,Normal,Cover
81,10251,2014-09-19 00:00:00,55,Balanced,49.0,Normal,44,Mixed,Organised,47,Normal,43,Normal,49,Normal,Organised,43,Medium,41,Press,40,Normal,Cover
10029,8226,2014-09-19 00:00:00,68,Fast,49.0,Normal,63,Mixed,Organised,68,Risky,38,Normal,55,Normal,Free Form,56,Medium,57,Press,54,Normal,Cover
10029,8226,2015-09-10 00:00:00,69,Fast,49.0,Normal,53,Mixed,Organised,66,Normal,62,Normal,59,Normal,Organised,63,Medium,61,Press,38,Normal,Cover
1952,8667,2014-09-19 00:00:00,56,Balanced,35.0,Normal,51,Mixed,Organised,54,Normal,60,Normal,48,Normal,Organised,38,Medium,37,Press,46,Normal,Cover
1952,8667,2015-09-10 00:00:00,56,Balanced,40.0,Normal,55,Mixed,Organised,54,Normal,49,Normal,56,Normal,Organised,38,Medium,37,Press,46,Normal,Cover
111239,8234,2014-09-19 00:00:00,54,Balanced,59.0,Normal,47,Mixed,Organised,53,Normal,33,Little,52,Normal,Organised,42,Medium,36,Press,49,Normal,Cover
111239,8234,2015-09-10 00:00:00,55,Balanced,51.0,Normal,46,Mixed,Organised,47,Normal,53,Normal,51,Normal,Organised,37,Medium,48,Press,49,Normal,Cover
44,8636,2014-09-19 00:00:00,67,Fast,48.0,Normal,67,Long,Organised,68,Risky,69,Lots,66,Normal,Organised,23,Deep,57,Press,34,Normal,Cover
44,8636,2015-09-10 00:00:00,58,Balanced,69.0,Lots,54,Mixed,Organised,56,Normal,60,Normal,53,Normal,Organised,47,Medium,49,Press,63,Normal,Cover
620,8066,2014-09-19 00:00:00,61,Balanced,49.0,Normal,59,Mixed,Organised,50,Normal,57,Normal,55,Normal,Organised,43,Medium,41,Press,46,Normal,Cover
620,8066,2015-09-10 00:00:00,48,Balanced,47.0,Normal,32,Short,Organised,57,Normal,48,Normal,69,Lots,Free Form,44,Medium,44,Press,51,Normal,Cover
110745,1957,2014-09-19 00:00:00,38,Balanced,54.0,Normal,38,Mixed,Organised,53,Normal,27,Little,66,Normal,Organised,57,Medium,56,Press,49,Normal,Cover
110745,1957,2015-09-10 00:00:00,66,Balanced,54.0,Normal,38,Mixed,Organised,53,Normal,33,Little,66,Normal,Organised,57,Medium,56,Press,49,Normal,Cover
45,9885,2014-09-19 00:00:00,26,Slow,47.0,Normal,24,Short,Organised,64,Normal,53,Normal,72,Lots,Organised,23,Deep,67,Double,36,Normal,Cover
45,9885,2015-09-10 00:00:00,50,Balanced,35.0,Normal,20,Short,Organised,65,Normal,50,Normal,80,Lots,Organised,35,Medium,65,Press,35,Normal,Cover
29,8350,2014-09-19 00:00:00,66,Balanced,48.0,Normal,53,Mixed,Organised,54,Normal,69,Lots,51,Normal,Organised,47,Medium,47,Press,49,Normal,Cover
29,8350,2015-09-10 00:00:00,49,Balanced,54.0,Normal,52,Mixed,Organised,49,Normal,54,Normal,64,Normal,Organised,41,Medium,51,Press,53,Normal,Cover
1832,8295,2014-09-19 00:00:00,56,Balanced,55.0,Normal,53,Mixed,Organised,53,Normal,46,Normal,49,Normal,Organised,32,Deep,46,Press,37,Normal,Cover
1832,8295,2015-09-10 00:00:00,54,Balanced,52.0,Normal,47,Mixed,Organised,53,Normal,44,Normal,49,Normal,Organised,34,Medium,46,Press,39,Normal,Cover
82,8597,2014-09-19 00:00:00,56,Balanced,50.0,Normal,61,Mixed,Organised,56,Normal,48,Normal,46,Normal,Organised,44,Medium,44,Press,52,Normal,Cover
82,8597,2015-09-10 00:00:00,50,Balanced,48.0,Normal,60,Mixed,Organised,49,Normal,62,Normal,47,Normal,Organised,46,Medium,46,Press,52,Normal,Cover
111083,8245,2014-09-19 00:00:00,73,Fast,69.0,Lots,50,Mixed,Organised,64,Normal,53,Normal,36,Normal,Organised,30,Deep,43,Press,62,Normal,Cover
111083,8245,2015-09-10 00:00:00,59,Balanced,69.0,Lots,50,Mixed,Organised,64,Normal,53,Normal,36,Normal,Organised,30,Deep,43,Press,62,Normal,Cover
100081,8571,2014-09-19 00:00:00,42,Balanced,40.0,Normal,47,Mixed,Organised,37,Normal,67,Lots,30,Little,Organised,46,Medium,45,Press,52,Normal,Cover
100081,8571,2015-09-10 00:00:00,42,Balanced,40.0,Normal,47,Mixed,Organised,37,Normal,67,Lots,30,Little,Organised,46,Medium,45,Press,52,Normal,Cover
110724,8203,2014-09-19 00:00:00,52,Balanced,42.0,Normal,40,Mixed,Organised,47,Normal,53,Normal,50,Normal,Organised,42,Medium,51,Press,52,Normal,Cover
110724,8203,2015-09-10 00:00:00,52,Balanced,42.0,Normal,40,Mixed,Organised,47,Normal,53,Normal,50,Normal,Organised,42,Medium,51,Press,52,Normal,Cover
472,8306,2014-09-19 00:00:00,48,Balanced,55.0,Normal,44,Mixed,Organised,53,Normal,42,Normal,53,Normal,Organised,53,Medium,39,Press,57,Normal,Cover
472,8306,2015-09-10 00:00:00,48,Balanced,55.0,Normal,44,Mixed,Organised,53,Normal,42,Normal,53,Normal,Organised,53,Medium,39,Press,57,Normal,Cover
1862,7730,2014-09-19 00:00:00,37,Balanced,55.0,Normal,49,Mixed,Organised,52,Normal,60,Normal,52,Normal,Organised,46,Medium,44,Press,55,Normal,Cover
46,8543,2014-09-19 00:00:00,49,Balanced,69.0,Lots,54,Mixed,Organised,68,Risky,63,Normal,69,Lots,Organised,59,Medium,53,Press,54,Normal,Cover
46,8543,2015-09-10 00:00:00,68,Fast,65.0,Normal,55,Mixed,Organised,68,Risky,80,Lots,72,Lots,Free Form,59,Medium,66,Press,65,Normal,Cover
1738,9746,2014-09-19 00:00:00,46,Balanced,56.0,Normal,52,Mixed,Organised,49,Normal,54,Normal,52,Normal,Organised,47,Medium,55,Press,52,Normal,Cover
1738,9746,2015-09-10 00:00:00,46,Balanced,56.0,Normal,52,Mixed,Organised,49,Normal,54,Normal,52,Normal,Organised,47,Medium,55,Press,52,Normal,Cover
873,2182,2014-09-19 00:00:00,67,Fast,55.0,Normal,54,Mixed,Organised,56,Normal,62,Normal,67,Lots,Organised,47,Medium,47,Press,63,Normal,Cover
873,2182,2015-09-10 00:00:00,57,Balanced,50.0,Normal,40,Mixed,Free Form,59,Normal,70,Lots,67,Lots,Free Form,50,Medium,58,Press,45,Normal,Cover
111091,8030,2014-09-19 00:00:00,62,Balanced,48.0,Normal,52,Mixed,Organised,50,Normal,63,Normal,52,Normal,Organised,37,Medium,58,Press,63,Normal,Cover
111091,8030,2015-09-10 00:00:00,62,Balanced,48.0,Normal,52,Mixed,Free Form,66,Normal,59,Normal,58,Normal,Organised,51,Medium,58,Press,40,Normal,Cover
1871,8673,2014-09-19 00:00:00,54,Balanced,51.0,Normal,36,Mixed,Free Form,52,Normal,51,Normal,64,Normal,Organised,47,Medium,46,Press,66,Normal,Cover
1871,8673,2015-09-10 00:00:00,54,Balanced,47.0,Normal,36,Mixed,Organised,52,Normal,51,Normal,64,Normal,Free Form,50,Medium,60,Press,58,Normal,Cover
95,8197,2014-09-19 00:00:00,63,Balanced,36.0,Normal,48,Mixed,Organised,47,Normal,62,Normal,69,Lots,Organised,58,Medium,62,Press,54,Normal,Cover
95,8197,2015-09-10 00:00:00,63,Balanced,41.0,Normal,60,Mixed,Organised,47,Normal,64,Normal,46,Normal,Organised,58,Medium,65,Press,55,Normal,Cover
64,8588,2014-09-19 00:00:00,64,Balanced,52.0,Normal,49,Mixed,Organised,49,Normal,53,Normal,34,Normal,Organised,46,Medium,44,Press,49,Normal,Cover
64,8588,2015-09-10 00:00:00,64,Balanced,44.0,Normal,50,Mixed,Organised,49,Normal,53,Normal,46,Normal,Organised,46,Medium,44,Press,49,Normal,Cover
1853,8581,2014-09-19 00:00:00,57,Balanced,51.0,Normal,63,Mixed,Organised,55,Normal,61,Normal,52,Normal,Organised,47,Medium,52,Press,56,Normal,Cover
1853,8581,2015-09-10 00:00:00,62,Balanced,36.0,Normal,65,Mixed,Organised,71,Risky,42,Normal,65,Normal,Organised,36,Medium,33,Contain,42,Normal,Cover
239,9989,2014-09-19 00:00:00,69,Fast,44.0,Normal,58,Mixed,Organised,56,Normal,52,Normal,61,Normal,Organised,38,Medium,49,Press,65,Normal,Cover
239,9989,2015-09-10 00:00:00,69,Fast,44.0,Normal,58,Mixed,Organised,56,Normal,52,Normal,61,Normal,Organised,38,Medium,49,Press,65,Normal,Cover
65,8639,2014-09-19 00:00:00,45,Balanced,65.0,Normal,42,Mixed,Organised,68,Risky,52,Normal,49,Normal,Organised,59,Medium,42,Press,48,Normal,Cover
65,8639,2015-09-10 00:00:00,45,Balanced,36.0,Normal,43,Mixed,Organised,68,Risky,52,Normal,64,Normal,Organised,59,Medium,42,Press,48,Normal,Cover
9,8650,2014-09-19 00:00:00,71,Fast,48.0,Normal,32,Short,Organised,34,Normal,41,Normal,61,Normal,Organised,51,Medium,48,Press,62,Normal,Cover
9,8650,2015-09-10 00:00:00,66,Balanced,60.0,Normal,45,Mixed,Organised,34,Normal,34,Normal,46,Normal,Organised,51,Medium,52,Press,61,Normal,Cover
1844,8537,2014-09-19 00:00:00,58,Balanced,58.0,Normal,67,Long,Organised,38,Normal,23,Little,77,Lots,Organised,29,Deep,57,Press,32,Narrow,Cover
1844,8537,2015-09-10 00:00:00,58,Balanced,58.0,Normal,67,Long,Organised,38,Normal,27,Little,69,Lots,Organised,31,Deep,57,Press,38,Normal,Cover
301,8244,2014-09-19 00:00:00,66,Balanced,52.0,Normal,72,Long,Organised,66,Normal,67,Lots,51,Normal,Organised,36,Medium,38,Press,65,Normal,Cover
2007,9994,2014-09-19 00:00:00,62,Balanced,45.0,Normal,52,Mixed,Organised,42,Normal,50,Normal,62,Normal,Organised,45,Medium,52,Press,52,Normal,Cover
2007,9994,2015-09-10 00:00:00,62,Balanced,45.0,Normal,52,Mixed,Organised,42,Normal,50,Normal,62,Normal,Organised,45,Medium,52,Press,52,Normal,Cover
217,8689,2014-09-19 00:00:00,60,Balanced,56.0,Normal,42,Mixed,Organised,48,Normal,53,Normal,64,Normal,Organised,43,Medium,47,Press,48,Normal,Cover
217,8689,2015-09-10 00:00:00,57,Balanced,42.0,Normal,50,Mixed,Organised,48,Normal,53,Normal,46,Normal,Organised,51,Medium,56,Press,55,Normal,Cover
897,10199,2014-09-19 00:00:00,63,Balanced,51.0,Normal,51,Mixed,Organised,54,Normal,40,Normal,66,Normal,Organised,48,Medium,53,Press,50,Normal,Cover
897,10199,2015-09-10 00:00:00,63,Balanced,51.0,Normal,51,Mixed,Organised,54,Normal,40,Normal,66,Normal,Organised,48,Medium,53,Press,50,Normal,Cover
66,9748,2014-09-19 00:00:00,49,Balanced,60.0,Normal,52,Mixed,Organised,49,Normal,54,Normal,67,Lots,Organised,46,Medium,47,Press,47,Normal,Cover
66,9748,2015-09-10 00:00:00,49,Balanced,60.0,Normal,52,Mixed,Organised,49,Normal,54,Normal,67,Lots,Organised,46,Medium,47,Press,47,Normal,Cover
169,9905,2014-09-19 00:00:00,67,Fast,54.0,Normal,57,Mixed,Organised,55,Normal,38,Normal,44,Normal,Organised,53,Medium,60,Press,52,Normal,Cover
169,9905,2015-09-10 00:00:00,60,Balanced,43.0,Normal,53,Mixed,Organised,49,Normal,40,Normal,44,Normal,Organised,55,Medium,62,Press,47,Normal,Cover
573,9864,2014-09-19 00:00:00,45,Balanced,42.0,Normal,36,Mixed,Organised,69,Risky,69,Lots,50,Normal,Organised,64,Medium,58,Press,42,Normal,Cover
573,9864,2015-09-10 00:00:00,42,Balanced,51.0,Normal,36,Mixed,Organised,41,Normal,40,Normal,50,Normal,Organised,47,Medium,37,Press,52,Normal,Offside Trap
453,8661,2014-09-19 00:00:00,62,Balanced,53.0,Normal,57,Mixed,Organised,53,Normal,57,Normal,53,Normal,Organised,59,Medium,41,Press,56,Normal,Cover
453,8661,2015-09-10 00:00:00,62,Balanced,53.0,Normal,57,Mixed,Organised,53,Normal,57,Normal,53,Normal,Organised,59,Medium,41,Press,56,Normal,Cover
10,8456,2014-09-19 00:00:00,59,Balanced,35.0,Normal,29,Short,Organised,32,Safe,49,Normal,62,Normal,Organised,42,Medium,44,Press,54,Normal,Cover
10,8456,2015-09-10 00:00:00,59,Balanced,35.0,Normal,29,Short,Free Form,38,Normal,36,Normal,24,Little,Free Form,48,Medium,47,Press,54,Normal,Cover
11,10260,2014-09-19 00:00:00,46,Balanced,34.0,Normal,54,Mixed,Organised,49,Normal,72,Lots,56,Normal,Organised,42,Medium,41,Press,56,Normal,Cover
11,10260,2015-09-10 00:00:00,38,Balanced,42.0,Normal,44,Mixed,Organised,49,Normal,44,Normal,40,Normal,Organised,54,Medium,53,Press,56,Normal,Cover
1893,10212,2014-09-19 00:00:00,67,Fast,49.0,Normal,66,Mixed,Free Form,67,Risky,64,Normal,55,Normal,Organised,37,Medium,45,Press,44,Normal,Cover
1893,10212,2015-09-10 00:00:00,61,Balanced,49.0,Normal,66,Mixed,Organised,67,Risky,64,Normal,55,Normal,Organised,38,Medium,49,Press,46,Normal,Cover
219,8592,2014-09-19 00:00:00,51,Balanced,62.0,Normal,50,Mixed,Organised,49,Normal,69,Lots,68,Lots,Organised,48,Medium,48,Press,60,Normal,Cover
219,8592,2015-09-10 00:00:00,51,Balanced,77.0,Lots,41,Mixed,Organised,49,Normal,69,Lots,31,Little,Organised,48,Medium,48,Press,60,Normal,Cover
68,8550,2014-09-19 00:00:00,55,Balanced,42.0,Normal,49,Mixed,Organised,49,Normal,54,Normal,53,Normal,Organised,46,Medium,54,Press,50,Normal,Cover
68,8550,2015-09-10 00:00:00,55,Balanced,48.0,Normal,49,Mixed,Organised,46,Normal,54,Normal,53,Normal,Organised,39,Medium,46,Press,42,Normal,Cover
12,8549,2014-09-19 00:00:00,60,Balanced,28.0,Little,56,Mixed,Organised,49,Normal,56,Normal,72,Lots,Organised,38,Medium,42,Press,42,Normal,Cover
12,8549,2015-09-10 00:00:00,60,Balanced,32.0,Little,46,Mixed,Organised,43,Normal,55,Normal,37,Normal,Organised,38,Medium,42,Press,42,Normal,Cover
69,9829,2014-09-19 00:00:00,52,Balanced,68.0,Lots,48,Mixed,Organised,37,Normal,37,Normal,37,Normal,Organised,35,Medium,34,Press,51,Normal,Cover
69,9829,2015-09-10 00:00:00,52,Balanced,42.0,Normal,43,Mixed,Organised,54,Normal,56,Normal,23,Little,Organised,56,Medium,62,Press,51,Normal,Cover
1747,9998,2014-09-19 00:00:00,55,Balanced,50.0,Normal,55,Mixed,Organised,55,Normal,67,Lots,46,Normal,Organised,46,Medium,45,Press,47,Normal,Cover
70,10249,2014-09-19 00:00:00,52,Balanced,58.0,Normal,47,Mixed,Organised,48,Normal,49,Normal,52,Normal,Organised,53,Medium,56,Press,48,Normal,Cover
70,10249,2015-09-10 00:00:00,54,Balanced,43.0,Normal,65,Mixed,Organised,48,Normal,49,Normal,45,Normal,Organised,53,Medium,56,Press,48,Normal,Cover
1900,8348,2015-09-10 00:00:00,38,Balanced,58.0,Normal,43,Mixed,Organised,51,Normal,54,Normal,39,Normal,Organised,44,Medium,46,Press,48,Normal,Cover
83,9927,2014-09-19 00:00:00,70,Fast,47.0,Normal,55,Mixed,Organised,42,Normal,47,Normal,60,Normal,Organised,41,Medium,43,Press,62,Normal,Cover
83,9927,2015-09-10 00:00:00,64,Balanced,46.0,Normal,55,Mixed,Organised,44,Normal,45,Normal,27,Little,Organised,37,Medium,44,Press,51,Normal,Cover
111560,274581,2015-09-10 00:00:00,50,Balanced,50.0,Normal,50,Mixed,Organised,50,Normal,50,Normal,50,Normal,Organised,45,Medium,45,Press,50,Normal,Cover
111560,9996,2015-09-10 00:00:00,50,Balanced,50.0,Normal,50,Mixed,Organised,50,Normal,50,Normal,50,Normal,Organised,45,Medium,45,Press,50,Normal,Cover
111560,9996,2015-09-10 00:00:00,50,Balanced,50.0,Normal,50,Mixed,Organised,50,Normal,50,Normal,50,Normal,Organised,45,Medium,45,Press,50,Normal,Cover
1904,9761,2014-09-19 00:00:00,46,Balanced,44.0,Normal,54,Mixed,Organised,32,Safe,42,Normal,42,Normal,Organised,43,Medium,39,Press,50,Normal,Cover
1904,9761,2015-09-10 00:00:00,45,Balanced,49.0,Normal,59,Mixed,Organised,32,Safe,42,Normal,54,Normal,Organised,36,Medium,39,Press,40,Normal,Cover
1891,10214,2014-09-19 00:00:00,41,Balanced,59.0,Normal,43,Mixed,Organised,53,Normal,44,Normal,53,Normal,Organised,42,Medium,42,Press,57,Normal,Cover
1891,10214,2015-09-10 00:00:00,65,Balanced,59.0,Normal,43,Mixed,Organised,53,Normal,44,Normal,53,Normal,Organised,42,Medium,42,Press,57,Normal,Cover
1823,8481,2014-09-19 00:00:00,49,Balanced,48.0,Normal,49,Mixed,Organised,52,Normal,53,Normal,67,Lots,Organised,43,Medium,46,Press,50,Normal,Cover
1823,8481,2015-09-10 00:00:00,49,Balanced,48.0,Normal,49,Mixed,Organised,52,Normal,53,Normal,67,Lots,Organised,43,Medium,46,Press,50,Normal,Cover
71,9830,2014-09-19 00:00:00,63,Balanced,53.0,Normal,48,Mixed,Organised,52,Normal,55,Normal,49,Normal,Organised,47,Medium,51,Press,54,Normal,Cover
71,9830,2015-09-10 00:00:00,63,Balanced,70.0,Lots,56,Mixed,Organised,52,Normal,55,Normal,46,Normal,Organised,39,Medium,41,Press,52,Normal,Cover
1910,8464,2014-09-19 00:00:00,49,Balanced,42.0,Normal,59,Mixed,Organised,52,Normal,49,Normal,55,Normal,Organised,40,Medium,48,Press,53,Normal,Cover
13,10261,2014-09-19 00:00:00,54,Balanced,33.0,Little,47,Mixed,Organised,47,Normal,51,Normal,39,Normal,Organised,56,Medium,54,Press,51,Normal,Cover
13,10261,2015-09-10 00:00:00,58,Balanced,45.0,Normal,49,Mixed,Organised,47,Normal,54,Normal,46,Normal,Organised,41,Medium,39,Press,51,Normal,Cover
72,9831,2014-09-19 00:00:00,48,Balanced,61.0,Normal,66,Mixed,Organised,49,Normal,66,Normal,34,Normal,Organised,56,Medium,47,Press,64,Normal,Cover
72,9831,2015-09-10 00:00:00,48,Balanced,55.0,Normal,53,Mixed,Organised,49,Normal,66,Normal,38,Normal,Organised,57,Medium,47,Press,61,Normal,Cover
1792,9850,2014-09-19 00:00:00,45,Balanced,28.0,Little,64,Mixed,Organised,55,Normal,67,Lots,42,Normal,Organised,40,Medium,43,Press,51,Normal,Cover
1792,9850,2015-09-10 00:00:00,45,Balanced,38.0,Normal,55,Mixed,Organised,46,Normal,54,Normal,47,Normal,Organised,38,Medium,39,Press,51,Normal,Cover
112225,6269,2014-09-19 00:00:00,66,Balanced,57.0,Normal,56,Mixed,Organised,56,Normal,55,Normal,57,Normal,Organised,36,Medium,49,Press,53,Normal,Cover
171,8165,2014-09-19 00:00:00,46,Balanced,62.0,Normal,38,Mixed,Organised,58,Normal,48,Normal,55,Normal,Organised,51,Medium,50,Press,47,Normal,Cover
171,8165,2015-09-10 00:00:00,46,Balanced,58.0,Normal,49,Mixed,Organised,51,Normal,52,Normal,59,Normal,Organised,30,Deep,40,Press,44,Normal,Cover
477,8388,2014-09-19 00:00:00,44,Balanced,48.0,Normal,45,Mixed,Organised,54,Normal,41,Normal,57,Normal,Organised,50,Medium,46,Press,62,Normal,Cover
477,8388,2015-09-10 00:00:00,44,Balanced,48.0,Normal,45,Mixed,Organised,54,Normal,41,Normal,57,Normal,Organised,50,Medium,46,Press,62,Normal,Cover
111540,2033,2014-09-19 00:00:00,45,Balanced,62.0,Normal,40,Mixed,Organised,53,Normal,37,Normal,44,Normal,Organised,37,Medium,24,Contain,44,Normal,Cover
682,8573,2014-09-19 00:00:00,52,Balanced,49.0,Normal,54,Mixed,Organised,45,Normal,42,Normal,53,Normal,Organised,42,Medium,47,Press,44,Normal,Cover
682,8573,2015-09-10 00:00:00,52,Balanced,49.0,Normal,54,Mixed,Organised,45,Normal,42,Normal,53,Normal,Organised,42,Medium,47,Press,44,Normal,Cover
479,8371,2014-09-19 00:00:00,38,Balanced,53.0,Normal,52,Mixed,Organised,55,Normal,59,Normal,54,Normal,Organised,47,Medium,52,Press,65,Normal,Cover
479,8371,2015-09-10 00:00:00,38,Balanced,53.0,Normal,52,Mixed,Organised,55,Normal,59,Normal,54,Normal,Organised,47,Medium,52,Press,69,Wide,Cover
100087,1773,2014-09-19 00:00:00,52,Balanced,51.0,Normal,50,Mixed,Organised,50,Normal,53,Normal,54,Normal,Organised,43,Medium,44,Press,50,Normal,Cover
1892,6403,2014-09-19 00:00:00,38,Balanced,40.0,Normal,39,Mixed,Organised,52,Normal,53,Normal,52,Normal,Organised,36,Medium,39,Press,64,Normal,Cover
1892,6403,2015-09-10 00:00:00,63,Balanced,40.0,Normal,39,Mixed,Organised,64,Normal,53,Normal,52,Normal,Organised,36,Medium,39,Press,64,Normal,Cover
10030,8460,2014-09-19 00:00:00,73,Fast,46.0,Normal,55,Mixed,Organised,52,Normal,48,Normal,63,Normal,Organised,33,Deep,55,Press,53,Normal,Cover
10030,8460,2015-09-10 00:00:00,67,Fast,46.0,Normal,62,Mixed,Organised,56,Normal,48,Normal,56,Normal,Organised,25,Deep,29,Contain,54,Normal,Cover
1843,8540,2014-09-19 00:00:00,66,Balanced,55.0,Normal,37,Mixed,Organised,56,Normal,34,Normal,63,Normal,Organised,43,Medium,42,Press,48,Normal,Cover
1843,8540,2015-09-10 00:00:00,66,Balanced,66.0,Normal,36,Mixed,Organised,60,Normal,34,Normal,64,Normal,Organised,44,Medium,58,Press,50,Normal,Cover
73,9847,2014-09-19 00:00:00,49,Balanced,70.0,Lots,55,Mixed,Organised,62,Normal,61,Normal,68,Lots,Organised,57,Medium,53,Press,56,Normal,Cover
73,9847,2015-09-10 00:00:00,49,Balanced,47.0,Normal,34,Mixed,Organised,62,Normal,61,Normal,35,Normal,Organised,57,Medium,53,Press,56,Normal,Cover
50,10167,2014-09-19 00:00:00,48,Balanced,71.0,Lots,33,Short,Organised,69,Risky,62,Normal,45,Normal,Organised,54,Medium,66,Press,46,Normal,Offside Trap
50,10167,2015-09-10 00:00:00,48,Balanced,66.0,Normal,33,Short,Organised,69,Risky,62,Normal,45,Normal,Organised,43,Medium,43,Press,46,Normal,Cover
1754,8426,2014-09-19 00:00:00,48,Balanced,50.0,Normal,37,Mixed,Organised,49,Normal,50,Normal,52,Normal,Organised,47,Medium,44,Press,52,Normal,Cover
1754,8426,2015-09-10 00:00:00,48,Balanced,48.0,Normal,47,Mixed,Organised,47,Normal,53,Normal,60,Normal,Organised,46,Medium,46,Press,49,Normal,Cover
1914,6413,2014-09-19 00:00:00,57,Balanced,41.0,Normal,39,Mixed,Organised,57,Normal,50,Normal,54,Normal,Organised,58,Medium,60,Press,63,Normal,Cover
1914,6413,2015-09-10 00:00:00,45,Balanced,35.0,Normal,56,Mixed,Organised,57,Normal,50,Normal,58,Normal,Organised,58,Medium,60,Press,63,Normal,Cover
100741,6547,2015-09-10 00:00:00,54,Balanced,54.0,Normal,39,Mixed,Organised,52,Normal,56,Normal,38,Normal,Organised,40,Medium,35,Press,46,Normal,Cover
200,9878,2014-09-19 00:00:00,64,Balanced,52.0,Normal,36,Mixed,Organised,51,Normal,64,Normal,54,Normal,Organised,26,Deep,46,Press,48,Normal,Cover
200,9878,2015-09-10 00:00:00,64,Balanced,31.0,Little,53,Mixed,Organised,41,Normal,49,Normal,41,Normal,Organised,39,Medium,46,Press,43,Normal,Cover
111086,8028,2014-09-19 00:00:00,64,Balanced,52.0,Normal,67,Long,Organised,64,Normal,66,Normal,39,Normal,Organised,36,Medium,45,Press,48,Normal,Cover
111086,8028,2015-09-10 00:00:00,64,Balanced,52.0,Normal,67,Long,Organised,64,Normal,66,Normal,39,Normal,Organised,36,Medium,45,Press,48,Normal,Cover
111087,8033,2014-09-19 00:00:00,72,Fast,55.0,Normal,66,Mixed,Organised,66,Normal,51,Normal,49,Normal,Organised,29,Deep,35,Press,38,Normal,Cover
111087,8033,2015-09-10 00:00:00,68,Fast,55.0,Normal,66,Mixed,Organised,66,Normal,51,Normal,49,Normal,Organised,29,Deep,35,Press,38,Normal,Cover
110746,8023,2014-09-19 00:00:00,50,Balanced,48.0,Normal,36,Mixed,Free Form,52,Normal,36,Normal,52,Normal,Organised,50,Medium,60,Press,47,Normal,Cover
110746,8023,2015-09-10 00:00:00,50,Balanced,33.0,Little,36,Mixed,Organised,52,Normal,40,Normal,52,Normal,Organised,57,Medium,54,Press,47,Normal,Cover
1790,8462,2014-09-19 00:00:00,59,Balanced,32.0,Little,57,Mixed,Organised,49,Normal,47,Normal,53,Normal,Organised,39,Medium,40,Press,44,Normal,Cover
1790,8462,2015-09-10 00:00:00,59,Balanced,32.0,Little,57,Mixed,Organised,49,Normal,47,Normal,53,Normal,Organised,39,Medium,40,Press,44,Normal,Cover
247,8640,2014-09-19 00:00:00,67,Fast,35.0,Normal,40,Mixed,Organised,53,Normal,53,Normal,55,Normal,Organised,50,Medium,62,Press,55,Normal,Cover
247,8640,2015-09-10 00:00:00,67,Fast,43.0,Normal,43,Mixed,Organised,53,Normal,44,Normal,28,Little,Organised,40,Medium,40,Press,48,Normal,Cover
15,10172,2014-09-19 00:00:00,52,Balanced,36.0,Normal,53,Mixed,Organised,53,Normal,54,Normal,54,Normal,Organised,50,Medium,44,Press,54,Normal,Cover
15,10172,2015-09-10 00:00:00,30,Slow,39.0,Normal,61,Mixed,Organised,53,Normal,53,Normal,60,Normal,Organised,50,Medium,44,Press,54,Normal,Cover
456,8696,2015-09-10 00:00:00,48,Balanced,52.0,Normal,47,Mixed,Organised,53,Normal,53,Normal,53,Normal,Organised,51,Medium,47,Press,53,Normal,Cover
86,8548,2014-09-19 00:00:00,45,Balanced,49.0,Normal,45,Mixed,Organised,38,Normal,62,Normal,60,Normal,Organised,48,Medium,48,Press,62,Normal,Cover
86,8548,2015-09-10 00:00:00,45,Balanced,53.0,Normal,55,Mixed,Organised,38,Normal,62,Normal,53,Normal,Organised,48,Medium,48,Press,55,Normal,Cover
480,8370,2014-09-19 00:00:00,45,Balanced,52.0,Normal,44,Mixed,Organised,44,Normal,44,Normal,47,Normal,Organised,63,Medium,51,Press,59,Normal,Cover
480,8370,2015-09-10 00:00:00,29,Slow,52.0,Normal,44,Mixed,Organised,44,Normal,44,Normal,47,Normal,Organised,54,Medium,52,Press,63,Normal,Cover
1793,9798,2014-09-19 00:00:00,44,Balanced,26.0,Little,72,Long,Organised,71,Risky,39,Normal,37,Normal,Organised,58,Medium,52,Press,52,Normal,Cover
1793,9798,2015-09-10 00:00:00,44,Balanced,36.0,Normal,64,Mixed,Organised,62,Normal,65,Normal,42,Normal,Organised,51,Medium,47,Press,52,Normal,Cover
449,8603,2014-09-19 00:00:00,59,Balanced,49.0,Normal,37,Mixed,Organised,59,Normal,43,Normal,53,Normal,Organised,58,Medium,49,Press,58,Normal,Cover
449,8603,2015-09-10 00:00:00,59,Balanced,49.0,Normal,37,Mixed,Organised,59,Normal,43,Normal,53,Normal,Organised,58,Medium,49,Press,58,Normal,Cover
243,8633,2014-09-19 00:00:00,50,Balanced,54.0,Normal,41,Mixed,Organised,68,Risky,54,Normal,69,Lots,Free Form,39,Medium,49,Press,65,Normal,Cover
243,8633,2015-09-10 00:00:00,50,Balanced,57.0,Normal,46,Mixed,Free Form,61,Normal,41,Normal,63,Normal,Free Form,52,Medium,60,Press,63,Normal,Cover
457,8560,2014-09-19 00:00:00,35,Balanced,52.0,Normal,36,Mixed,Organised,60,Normal,52,Normal,59,Normal,Organised,48,Medium,53,Press,65,Normal,Cover
457,8560,2015-09-10 00:00:00,60,Balanced,52.0,Normal,50,Mixed,Organised,54,Normal,60,Normal,52,Normal,Organised,49,Medium,53,Press,53,Normal,Cover
571,8479,2014-09-19 00:00:00,41,Balanced,53.0,Normal,54,Mixed,Organised,45,Normal,50,Normal,35,Normal,Organised,40,Medium,49,Press,62,Normal,Cover
571,8479,2015-09-10 00:00:00,37,Balanced,38.0,Normal,43,Mixed,Organised,30,Safe,42,Normal,37,Normal,Organised,40,Medium,49,Press,54,Normal,Cover
203,8690,2014-09-19 00:00:00,52,Balanced,55.0,Normal,56,Mixed,Organised,57,Normal,74,Lots,53,Normal,Organised,38,Medium,48,Press,52,Normal,Cover
379,9837,2014-09-19 00:00:00,48,Balanced,58.0,Normal,48,Mixed,Organised,48,Normal,52,Normal,50,Normal,Organised,33,Deep,44,Press,50,Normal,Cover
379,9837,2015-09-10 00:00:00,48,Balanced,37.0,Normal,49,Mixed,Organised,48,Normal,52,Normal,58,Normal,Organised,33,Deep,44,Press,50,Normal,Cover
74,9851,2014-09-19 00:00:00,64,Balanced,62.0,Normal,41,Mixed,Organised,49,Normal,52,Normal,64,Normal,Organised,46,Medium,44,Press,51,Normal,Cover
74,9851,2015-09-10 00:00:00,64,Balanced,62.0,Normal,41,Mixed,Organised,49,Normal,52,Normal,64,Normal,Organised,46,Medium,44,Press,51,Normal,Cover
744,7841,2014-09-19 00:00:00,66,Balanced,47.0,Normal,44,Mixed,Organised,58,Normal,65,Normal,54,Normal,Organised,39,Medium,48,Press,66,Normal,Cover
744,7841,2015-09-10 00:00:00,66,Balanced,47.0,Normal,44,Mixed,Organised,58,Normal,65,Normal,54,Normal,Organised,39,Medium,48,Press,66,Normal,Cover
1905,10219,2014-09-19 00:00:00,57,Balanced,30.0,Little,55,Mixed,Organised,42,Normal,36,Normal,55,Normal,Organised,31,Deep,30,Contain,38,Normal,Cover
1838,8551,2014-09-19 00:00:00,47,Balanced,49.0,Normal,48,Mixed,Organised,64,Normal,67,Lots,52,Normal,Organised,44,Medium,49,Press,51,Normal,Cover
1902,9803,2014-09-19 00:00:00,43,Balanced,46.0,Normal,44,Mixed,Organised,59,Normal,45,Normal,42,Normal,Organised,39,Medium,37,Press,42,Normal,Cover
52,8686,2014-09-19 00:00:00,67,Fast,48.0,Normal,38,Mixed,Organised,73,Risky,64,Normal,56,Normal,Free Form,36,Medium,57,Press,34,Normal,Cover
52,8686,2015-09-10 00:00:00,68,Fast,27.0,Little,47,Mixed,Organised,71,Risky,54,Normal,66,Normal,Free Form,36,Medium,57,Press,48,Normal,Cover
631,8649,2014-09-19 00:00:00,34,Balanced,50.0,Normal,34,Mixed,Organised,44,Normal,38,Normal,38,Normal,Organised,39,Medium,51,Press,44,Normal,Cover
631,8649,2015-09-10 00:00:00,45,Balanced,48.0,Normal,60,Mixed,Organised,46,Normal,49,Normal,58,Normal,Organised,36,Medium,53,Press,34,Normal,Cover
874,1601,2014-09-19 00:00:00,53,Balanced,48.0,Normal,38,Mixed,Organised,66,Normal,65,Normal,50,Normal,Organised,43,Medium,44,Press,49,Normal,Cover
874,1601,2015-09-10 00:00:00,47,Balanced,48.0,Normal,38,Mixed,Organised,61,Normal,65,Normal,50,Normal,Organised,43,Medium,44,Press,49,Normal,Cover
1819,9853,2014-09-19 00:00:00,58,Balanced,55.0,Normal,52,Mixed,Organised,48,Normal,52,Normal,52,Normal,Organised,35,Medium,44,Press,50,Normal,Cover
1819,9853,2015-09-10 00:00:00,58,Balanced,55.0,Normal,52,Mixed,Organised,48,Normal,64,Normal,52,Normal,Organised,48,Medium,51,Press,49,Normal,Cover
1837,9882,2014-09-19 00:00:00,36,Balanced,56.0,Normal,38,Mixed,Organised,49,Normal,52,Normal,62,Normal,Organised,54,Medium,57,Press,64,Normal,Offside Trap
1837,9882,2015-09-10 00:00:00,36,Balanced,56.0,Normal,38,Mixed,Organised,49,Normal,52,Normal,29,Little,Organised,50,Medium,51,Press,53,Normal,Cover
111974,7943,2014-09-19 00:00:00,57,Balanced,71.0,Lots,60,Mixed,Organised,66,Normal,57,Normal,63,Normal,Organised,54,Medium,47,Press,36,Normal,Offside Trap
111974,7943,2015-09-10 00:00:00,57,Balanced,65.0,Normal,60,Mixed,Organised,56,Normal,57,Normal,56,Normal,Organised,38,Medium,47,Press,53,Normal,Cover
58,7794,2014-09-19 00:00:00,67,Fast,61.0,Normal,43,Mixed,Organised,56,Normal,51,Normal,49,Normal,Organised,39,Medium,47,Press,48,Normal,Cover
58,7794,2015-09-10 00:00:00,61,Balanced,61.0,Normal,52,Mixed,Organised,56,Normal,51,Normal,49,Normal,Organised,44,Medium,55,Press,48,Normal,Cover
1913,10228,2014-09-19 00:00:00,53,Balanced,48.0,Normal,46,Mixed,Organised,65,Normal,43,Normal,46,Normal,Organised,46,Medium,44,Press,48,Normal,Cover
1913,10228,2015-09-10 00:00:00,54,Balanced,40.0,Normal,56,Mixed,Organised,65,Normal,43,Normal,44,Normal,Organised,46,Medium,44,Press,48,Normal,Cover
34,10189,2014-09-19 00:00:00,39,Balanced,54.0,Normal,45,Mixed,Organised,42,Normal,56,Normal,41,Normal,Organised,51,Medium,51,Press,40,Normal,Cover
34,10189,2015-09-10 00:00:00,58,Balanced,43.0,Normal,42,Mixed,Organised,64,Normal,61,Normal,37,Normal,Organised,55,Medium,59,Press,56,Normal,Cover
481,8302,2014-09-19 00:00:00,65,Balanced,53.0,Normal,65,Mixed,Organised,53,Normal,57,Normal,38,Normal,Organised,38,Medium,49,Press,55,Normal,Cover
481,8302,2015-09-10 00:00:00,53,Balanced,53.0,Normal,53,Mixed,Organised,53,Normal,52,Normal,60,Normal,Organised,42,Medium,48,Press,59,Normal,Cover
110770,10179,2014-09-19 00:00:00,61,Balanced,57.0,Normal,37,Mixed,Organised,62,Normal,50,Normal,53,Normal,Organised,45,Medium,47,Press,54,Normal,Cover
110770,10179,2015-09-10 00:00:00,61,Balanced,57.0,Normal,37,Mixed,Organised,62,Normal,50,Normal,53,Normal,Organised,45,Medium,47,Press,54,Normal,Cover
111092,8025,2014-09-19 00:00:00,47,Balanced,53.0,Normal,34,Mixed,Organised,38,Normal,36,Normal,68,Lots,Organised,37,Medium,37,Press,39,Normal,Cover
111092,8025,2015-09-10 00:00:00,50,Balanced,55.0,Normal,35,Mixed,Organised,51,Normal,51,Normal,55,Normal,Organised,45,Medium,55,Press,39,Normal,Cover
226,9874,2014-09-19 00:00:00,63,Balanced,62.0,Normal,39,Mixed,Organised,63,Normal,64,Normal,49,Normal,Organised,54,Medium,43,Press,49,Normal,Cover
226,9874,2015-09-10 00:00:00,63,Balanced,62.0,Normal,39,Mixed,Organised,63,Normal,64,Normal,49,Normal,Organised,54,Medium,43,Press,49,Normal,Cover
17,8466,2014-09-19 00:00:00,47,Balanced,41.0,Normal,40,Mixed,Organised,42,Normal,56,Normal,51,Normal,Free Form,62,Medium,64,Press,44,Normal,Cover
17,8466,2015-09-10 00:00:00,52,Balanced,31.0,Little,46,Mixed,Organised,42,Normal,54,Normal,30,Little,Organised,50,Medium,65,Press,44,Normal,Cover
670,9986,2014-09-19 00:00:00,60,Balanced,47.0,Normal,53,Mixed,Organised,48,Normal,50,Normal,48,Normal,Organised,42,Medium,48,Press,49,Normal,Cover
670,9986,2015-09-10 00:00:00,60,Balanced,47.0,Normal,53,Mixed,Organised,48,Normal,50,Normal,48,Normal,Organised,39,Medium,48,Press,49,Normal,Cover
237,9768,2014-09-19 00:00:00,55,Balanced,65.0,Normal,56,Mixed,Organised,42,Normal,50,Normal,55,Normal,Organised,60,Medium,60,Press,54,Normal,Cover
237,9768,2015-09-10 00:00:00,57,Balanced,65.0,Normal,56,Mixed,Organised,42,Normal,50,Normal,55,Normal,Organised,60,Medium,60,Press,54,Normal,Cover
459,9869,2014-09-19 00:00:00,55,Balanced,48.0,Normal,43,Mixed,Organised,68,Risky,61,Normal,44,Normal,Organised,36,Medium,60,Press,39,Normal,Cover
459,9869,2015-09-10 00:00:00,55,Balanced,48.0,Normal,50,Mixed,Organised,62,Normal,59,Normal,38,Normal,Organised,45,Medium,54,Press,41,Normal,Cover
48,9875,2014-09-19 00:00:00,72,Fast,74.0,Lots,34,Mixed,Organised,76,Risky,66,Normal,73,Lots,Organised,61,Medium,59,Press,39,Normal,Cover
48,9875,2015-09-10 00:00:00,53,Balanced,70.0,Lots,37,Mixed,Organised,68,Risky,54,Normal,67,Lots,Organised,47,Medium,57,Press,53,Normal,Offside Trap
898,10190,2014-09-19 00:00:00,52,Balanced,46.0,Normal,48,Mixed,Organised,39,Normal,39,Normal,37,Normal,Organised,40,Medium,41,Press,52,Normal,Cover
898,10190,2015-09-10 00:00:00,52,Balanced,46.0,Normal,48,Mixed,Organised,39,Normal,39,Normal,37,Normal,Organised,40,Medium,36,Press,52,Normal,Cover
100805,9800,2014-09-19 00:00:00,58,Balanced,50.0,Normal,70,Long,Organised,62,Normal,56,Normal,61,Normal,Organised,50,Medium,49,Press,41,Normal,Cover
100805,9800,2015-09-10 00:00:00,38,Balanced,53.0,Normal,33,Short,Organised,53,Normal,58,Normal,53,Normal,Organised,60,Medium,58,Press,48,Normal,Cover
110329,8152,2014-09-19 00:00:00,53,Balanced,52.0,Normal,56,Mixed,Organised,68,Risky,53,Normal,34,Normal,Organised,46,Medium,44,Press,54,Normal,Cover
110329,8152,2015-09-10 00:00:00,52,Balanced,52.0,Normal,56,Mixed,Organised,62,Normal,53,Normal,38,Normal,Organised,39,Medium,44,Press,57,Normal,Cover
100804,8467,2014-09-19 00:00:00,56,Balanced,48.0,Normal,57,Mixed,Organised,47,Normal,49,Normal,40,Normal,Organised,40,Medium,40,Press,52,Normal,Cover
100804,8467,2015-09-10 00:00:00,62,Balanced,52.0,Normal,48,Mixed,Organised,47,Normal,49,Normal,40,Normal,Organised,37,Medium,48,Press,55,Normal,Cover
232,9985,2014-09-19 00:00:00,54,Balanced,45.0,Normal,62,Mixed,Organised,55,Normal,58,Normal,60,Normal,Organised,45,Medium,54,Press,52,Normal,Cover
232,9985,2015-09-10 00:00:00,54,Balanced,45.0,Normal,62,Mixed,Organised,55,Normal,58,Normal,60,Normal,Organised,45,Medium,54,Press,52,Normal,Cover
1806,10194,2014-09-19 00:00:00,48,Balanced,24.0,Little,55,Mixed,Organised,51,Normal,57,Normal,37,Normal,Organised,38,Medium,40,Press,41,Normal,Cover
1806,10194,2015-09-10 00:00:00,48,Balanced,41.0,Normal,49,Mixed,Organised,51,Normal,59,Normal,49,Normal,Organised,44,Medium,37,Press,51,Normal,Cover
106,8472,2014-09-19 00:00:00,60,Balanced,33.0,Little,61,Mixed,Organised,56,Normal,44,Normal,58,Normal,Organised,41,Medium,38,Press,53,Normal,Cover
106,8472,2015-09-10 00:00:00,43,Balanced,43.0,Normal,51,Mixed,Organised,59,Normal,50,Normal,55,Normal,Organised,47,Medium,45,Press,49,Normal,Cover
1960,10003,2014-09-19 00:00:00,63,Balanced,34.0,Normal,34,Mixed,Organised,34,Normal,51,Normal,36,Normal,Free Form,51,Medium,58,Press,54,Normal,Cover
1960,10003,2015-09-10 00:00:00,45,Balanced,44.0,Normal,42,Mixed,Organised,34,Normal,36,Normal,55,Normal,Free Form,31,Deep,47,Press,42,Normal,Cover
260,9867,2014-09-19 00:00:00,56,Balanced,50.0,Normal,57,Mixed,Organised,56,Normal,51,Normal,54,Normal,Organised,52,Medium,50,Press,65,Normal,Cover
260,9867,2015-09-10 00:00:00,56,Balanced,50.0,Normal,57,Mixed,Organised,56,Normal,51,Normal,54,Normal,Organised,52,Medium,50,Press,69,Wide,Cover
1715,10191,2014-09-19 00:00:00,58,Balanced,59.0,Normal,35,Mixed,Organised,64,Normal,36,Normal,66,Normal,Organised,47,Medium,45,Press,53,Normal,Cover
1715,10191,2015-09-10 00:00:00,58,Balanced,59.0,Normal,35,Mixed,Organised,64,Normal,36,Normal,66,Normal,Organised,47,Medium,45,Press,53,Normal,Cover
54,9804,2014-09-19 00:00:00,76,Fast,69.0,Lots,64,Mixed,Organised,64,Normal,72,Lots,53,Normal,Organised,39,Medium,34,Press,52,Normal,Cover
54,9804,2015-09-10 00:00:00,69,Fast,69.0,Lots,36,Mixed,Organised,37,Normal,69,Lots,53,Normal,Organised,39,Medium,46,Press,52,Normal,Cover
18,8586,2014-09-19 00:00:00,41,Balanced,35.0,Normal,38,Mixed,Organised,41,Normal,59,Normal,62,Normal,Organised,58,Medium,51,Press,56,Normal,Cover
18,8586,2015-09-10 00:00:00,47,Balanced,46.0,Normal,40,Mixed,Organised,41,Normal,41,Normal,63,Normal,Organised,63,Medium,54,Press,56,Normal,Cover
1809,9941,2014-09-19 00:00:00,49,Balanced,56.0,Normal,53,Mixed,Organised,52,Normal,34,Normal,57,Normal,Organised,36,Medium,52,Press,49,Normal,Cover
1809,9941,2015-09-10 00:00:00,49,Balanced,56.0,Normal,53,Mixed,Organised,52,Normal,34,Normal,36,Normal,Organised,36,Medium,45,Press,49,Normal,Cover
294,10242,2014-09-19 00:00:00,49,Balanced,48.0,Normal,51,Mixed,Organised,52,Normal,49,Normal,46,Normal,Organised,43,Medium,42,Press,52,Normal,Cover
294,10242,2015-09-10 00:00:00,49,Balanced,48.0,Normal,51,Mixed,Organised,52,Normal,49,Normal,46,Normal,Organised,43,Medium,42,Press,52,Normal,Cover
1908,8611,2014-09-19 00:00:00,38,Balanced,39.0,Normal,34,Mixed,Organised,63,Normal,65,Normal,37,Normal,Organised,44,Medium,41,Press,55,Normal,Cover
1908,8611,2015-09-10 00:00:00,48,Balanced,40.0,Normal,43,Mixed,Organised,43,Normal,58,Normal,39,Normal,Organised,44,Medium,41,Press,55,Normal,Cover
55,8600,2014-09-19 00:00:00,71,Fast,71.0,Lots,63,Mixed,Organised,69,Risky,78,Lots,52,Normal,Organised,40,Medium,46,Press,57,Normal,Cover
55,8600,2015-09-10 00:00:00,68,Fast,54.0,Normal,63,Mixed,Organised,69,Risky,68,Lots,52,Normal,Organised,40,Medium,57,Press,57,Normal,Cover
461,10267,2014-09-19 00:00:00,30,Slow,45.0,Normal,35,Mixed,Organised,38,Normal,56,Normal,55,Normal,Organised,51,Medium,38,Press,59,Normal,Cover
461,10267,2015-09-10 00:00:00,35,Balanced,46.0,Normal,35,Mixed,Organised,37,Normal,51,Normal,58,Normal,Organised,49,Medium,45,Press,53,Normal,Cover
110456,9873,2014-09-19 00:00:00,49,Balanced,59.0,Normal,52,Mixed,Organised,51,Normal,67,Lots,56,Normal,Organised,47,Medium,51,Press,46,Normal,Cover
110456,9873,2015-09-10 00:00:00,49,Balanced,59.0,Normal,52,Mixed,Organised,51,Normal,67,Lots,56,Normal,Organised,47,Medium,51,Press,46,Normal,Cover
462,10281,2014-09-19 00:00:00,55,Balanced,44.0,Normal,54,Mixed,Organised,58,Normal,68,Lots,41,Normal,Organised,51,Medium,50,Press,60,Normal,Cover
462,10281,2015-09-10 00:00:00,43,Balanced,40.0,Normal,65,Mixed,Organised,39,Normal,51,Normal,57,Normal,Organised,47,Medium,40,Press,47,Normal,Cover
206,9876,2014-09-19 00:00:00,63,Balanced,46.0,Normal,48,Mixed,Organised,39,Normal,54,Normal,55,Normal,Organised,31,Deep,47,Press,37,Normal,Cover
206,9876,2015-09-10 00:00:00,57,Balanced,29.0,Little,38,Mixed,Organised,39,Normal,54,Normal,55,Normal,Organised,47,Medium,59,Press,52,Normal,Cover
36,10269,2014-09-19 00:00:00,54,Balanced,61.0,Normal,53,Mixed,Organised,60,Normal,56,Normal,48,Normal,Organised,46,Medium,54,Press,40,Normal,Cover
36,10269,2015-09-10 00:00:00,59,Balanced,55.0,Normal,41,Mixed,Organised,58,Normal,66,Normal,48,Normal,Organised,41,Medium,44,Press,32,Narrow,Cover
483,10205,2014-09-19 00:00:00,35,Balanced,42.0,Normal,35,Mixed,Organised,43,Normal,57,Normal,58,Normal,Organised,51,Medium,51,Press,56,Normal,Cover
483,10205,2015-09-10 00:00:00,48,Balanced,42.0,Normal,36,Mixed,Free Form,36,Normal,52,Normal,55,Normal,Free Form,47,Medium,48,Press,44,Normal,Cover
1909,8277,2014-09-19 00:00:00,53,Balanced,55.0,Normal,32,Short,Organised,53,Normal,54,Normal,56,Normal,Organised,42,Medium,54,Press,62,Normal,Cover
1909,8277,2015-09-10 00:00:00,57,Balanced,40.0,Normal,48,Mixed,Free Form,53,Normal,37,Normal,71,Lots,Free Form,60,Medium,58,Press,62,Normal,Cover
1887,7844,2014-09-19 00:00:00,40,Balanced,52.0,Normal,39,Mixed,Organised,53,Normal,62,Normal,58,Normal,Organised,37,Medium,40,Press,64,Normal,Cover
1887,7844,2015-09-10 00:00:00,40,Balanced,52.0,Normal,39,Mixed,Organised,53,Normal,62,Normal,58,Normal,Organised,37,Medium,40,Press,64,Normal,Cover
665,10238,2014-09-19 00:00:00,56,Balanced,49.0,Normal,42,Mixed,Organised,54,Normal,52,Normal,52,Normal,Organised,37,Medium,37,Press,58,Normal,Cover
665,10238,2015-09-10 00:00:00,58,Balanced,49.0,Normal,42,Mixed,Organised,54,Normal,52,Normal,52,Normal,Organised,37,Medium,37,Press,58,Normal,Cover
110913,8475,2014-09-19 00:00:00,38,Balanced,45.0,Normal,39,Mixed,Organised,29,Safe,30,Little,39,Normal,Organised,25,Deep,37,Press,35,Normal,Cover
110913,8475,2015-09-10 00:00:00,38,Balanced,45.0,Normal,49,Mixed,Organised,45,Normal,42,Normal,53,Normal,Organised,27,Deep,32,Contain,35,Normal,Cover
1795,9817,2014-09-19 00:00:00,61,Balanced,43.0,Normal,56,Mixed,Organised,54,Normal,44,Normal,55,Normal,Free Form,38,Medium,52,Press,45,Normal,Cover
1795,9817,2015-09-10 00:00:00,61,Balanced,32.0,Little,52,Mixed,Organised,54,Normal,42,Normal,45,Normal,Free Form,38,Medium,52,Press,45,Normal,Cover
38,8697,2014-09-19 00:00:00,40,Balanced,55.0,Normal,47,Mixed,Organised,37,Normal,40,Normal,51,Normal,Organised,40,Medium,50,Press,45,Normal,Cover
38,8697,2015-09-10 00:00:00,56,Balanced,55.0,Normal,63,Mixed,Organised,68,Risky,66,Normal,58,Normal,Organised,63,Medium,47,Press,73,Wide,Cover
109,8659,2014-09-19 00:00:00,55,Balanced,34.0,Normal,51,Mixed,Organised,53,Normal,53,Normal,57,Normal,Organised,41,Medium,40,Press,49,Normal,Cover
109,8659,2015-09-10 00:00:00,62,Balanced,32.0,Little,51,Mixed,Organised,53,Normal,50,Normal,60,Normal,Organised,41,Medium,40,Press,49,Normal,Cover
19,8654,2014-09-19 00:00:00,72,Fast,39.0,Normal,73,Long,Organised,68,Risky,71,Lots,32,Little,Organised,30,Deep,34,Press,41,Normal,Cover
19,8654,2015-09-10 00:00:00,77,Fast,37.0,Normal,57,Mixed,Organised,68,Risky,73,Lots,29,Little,Organised,30,Deep,37,Press,41,Normal,Cover
681,10001,2015-09-10 00:00:00,52,Balanced,46.0,Normal,50,Mixed,Organised,57,Normal,55,Normal,32,Little,Organised,48,Medium,45,Press,53,Normal,Cover
301,8024,2014-09-19 00:00:00,66,Balanced,52.0,Normal,72,Long,Organised,66,Normal,67,Lots,51,Normal,Organised,36,Medium,38,Press,65,Normal,Cover
1917,8528,2014-09-19 00:00:00,51,Balanced,36.0,Normal,51,Mixed,Organised,52,Normal,55,Normal,57,Normal,Organised,62,Medium,57,Press,44,Normal,Cover
1917,8528,2015-09-10 00:00:00,51,Balanced,37.0,Normal,56,Mixed,Organised,52,Normal,59,Normal,40,Normal,Organised,62,Medium,48,Press,44,Normal,Cover
1907,8525,2015-09-10 00:00:00,51,Balanced,36.0,Normal,63,Mixed,Organised,48,Normal,53,Normal,52,Normal,Organised,43,Medium,45,Press,47,Normal,Cover
1873,10265,2014-09-19 00:00:00,47,Balanced,52.0,Normal,36,Mixed,Organised,36,Normal,53,Normal,66,Normal,Organised,60,Medium,66,Press,53,Normal,Cover
1873,10265,2015-09-10 00:00:00,33,Slow,49.0,Normal,37,Mixed,Free Form,33,Safe,37,Normal,31,Little,Free Form,62,Medium,58,Press,37,Normal,Cover
175,8721,2014-09-19 00:00:00,58,Balanced,67.0,Lots,45,Mixed,Organised,68,Risky,60,Normal,54,Normal,Organised,59,Medium,48,Press,47,Normal,Cover
175,8721,2015-09-10 00:00:00,68,Fast,45.0,Normal,57,Mixed,Organised,69,Risky,66,Normal,50,Normal,Organised,66,Medium,46,Press,55,Normal,Cover
110,8602,2014-09-19 00:00:00,47,Balanced,28.0,Little,58,Mixed,Organised,55,Normal,64,Normal,56,Normal,Organised,47,Medium,48,Press,52,Normal,Cover
110,8602,2015-09-10 00:00:00,46,Balanced,36.0,Normal,54,Mixed,Organised,55,Normal,47,Normal,48,Normal,Organised,47,Medium,48,Press,55,Normal,Cover
900,10192,2014-09-19 00:00:00,52,Balanced,56.0,Normal,64,Mixed,Organised,39,Normal,66,Normal,46,Normal,Organised,44,Medium,34,Press,50,Normal,Cover
900,10192,2015-09-10 00:00:00,52,Balanced,56.0,Normal,64,Mixed,Organised,39,Normal,66,Normal,46,Normal,Organised,44,Medium,34,Press,50,Normal,Cover
110749,8021,2014-09-19 00:00:00,33,Slow,49.0,Normal,51,Mixed,Organised,38,Normal,63,Normal,48,Normal,Organised,58,Medium,38,Press,52,Normal,Cover
244,8394,2014-09-19 00:00:00,38,Balanced,48.0,Normal,35,Mixed,Organised,53,Normal,56,Normal,57,Normal,Organised,51,Medium,46,Press,61,Normal,Cover
244,8394,2015-09-10 00:00:00,52,Balanced,52.0,Normal,50,Mixed,Organised,52,Normal,56,Normal,57,Normal,Organised,48,Medium,43,Press,49,Normal,Cover
112512,8027,2014-09-19 00:00:00,54,Balanced,51.0,Normal,40,Mixed,Organised,67,Risky,49,Normal,52,Normal,Organised,44,Medium,47,Press,52,Normal,Cover
112512,8027,2015-09-10 00:00:00,54,Balanced,51.0,Normal,40,Mixed,Organised,46,Normal,49,Normal,52,Normal,Organised,44,Medium,47,Press,52,Normal,Cover
15005,10000,2014-09-19 00:00:00,54,Balanced,42.0,Normal,51,Mixed,Organised,47,Normal,52,Normal,32,Little,Organised,44,Medium,58,Press,37,Normal,Cover
15005,10000,2015-09-10 00:00:00,54,Balanced,42.0,Normal,51,Mixed,Organised,47,Normal,52,Normal,32,Little,Organised,44,Medium,58,Press,37,Normal,Cover
